reg_number,family,subfamily,tribus,genus,species,subspecies,sex,identifier,id_date,remarks
1275531,Nymphalidae,Danainae,Danaini,Danaus,genutia,,,"Moonen, J.J.M.",2016/02/05,
1275532,Nymphalidae,Danainae,Danaini,Danaus,genutia,,,"Moonen, J.J.M.",2016/02/05,
1275533,Nymphalidae,Danainae,Danaini,Euploea,,,,"Moonen, J.J.M.",2016/02/05,
1275534,Nymphalidae,Danainae,Danaini,Parantica,aspasia,aspasia,,"Moonen, J.J.M.",2016/02/05,
1275535,Nymphalidae,Danainae,Danaini,Euploea,,,,"Moonen, J.J.M.",2016/02/05,
1275536,Nymphalidae,Danainae,Danaini,Euploea,,,,"Moonen, J.J.M.",2016/02/05,
1275537,Nymphalidae,Danainae,Danaini,Euploea,,,,"Moonen, J.J.M.",2016/02/05,
1275538,Papilionidae,Papilioninae,Papilionini,Papilio,peranthus,peranthus,M,"Moonen, J.J.M.",2016/02/05,
1275539,Papilionidae,Papilioninae,Papilionini,Papilio,peranthus,peranthus,M,"Moonen, J.J.M.",2016/02/05,
1275540,Papilionidae,Papilioninae,Papilionini,Papilio,helenus ,enganius,M,"Moonen, J.J.M.",2016/02/05,
1275541,Papilionidae,Papilioninae,Papilionini,Papilio,helenus ,enganius,M,"Moonen, J.J.M.",2016/02/05,
1275542,Papilionidae,Papilioninae,Papilionini,Papilio,helenus ,enganius,M,"Moonen, J.J.M.",2016/02/05,
1275543,Papilionidae,Papilioninae,Papilionini,Papilio,demolion,demolion,M,"Moonen, J.J.M.",2016/02/05,
1275544,Papilionidae,Papilioninae,Papilionini,Papilio,demolion,demolion,M,"Moonen, J.J.M.",2016/02/05,
1275545,Papilionidae,Papilioninae,Papilionini,Papilio,peranthus,peranthus,M,"Moonen, J.J.M.",2016/02/05,
1275546,Papilionidae,Papilioninae,Papilionini,Papilio,demolion,demolion,M,"Moonen, J.J.M.",2016/02/05,
1275547,Papilionidae,Papilioninae,Papilionini,Papilio,helenus ,enganius,M,"Moonen, J.J.M.",2016/02/05,
1275548,Nymphalidae,Danainae,Danaini,Euploea,,, ,"Moonen, J.J.M.",2016/02/05,
1275549,Papilionidae,Papilioninae,Papilionini,Papilio,peranthus,peranthus,M,"Moonen, J.J.M.",2016/02/05,
1275550,Papilionidae,Papilioninae,Papilionini,Papilio,demolion,demolion,M,"Moonen, J.J.M.",2016/02/05,
1275551,Nymphalidae,Danainae,Danaini,Parantica,aspasia,aspasia,,"Moonen, J.J.M.",2016/02/05,
1275552,Nymphalidae,Danainae,Danaini,Danaus,chrysippus,,,"Moonen, J.J.M.",2016/02/05,
1275553,Nymphalidae,Danainae,Danaini,Danaus,chrysippus,,,"Moonen, J.J.M.",2016/02/05,
1275554,Nymphalidae,Danainae,Danaini,Danaus,chrysippus,,,"Moonen, J.J.M.",2016/02/05,
1275555,Nymphalidae,Danainae,Danaini,Danaus,chrysippus,,,"Moonen, J.J.M.",2016/02/05,
1275556,Nymphalidae,Danainae,Danaini,Danaus,chrysippus,,,"Moonen, J.J.M.",2016/02/05,
1275557,Nymphalidae,Danainae,Danaini,Danaus,chrysippus,,,"Moonen, J.J.M.",2016/02/05,
1275558,Nymphalidae,Danainae,Danaini,Danaus,chrysippus,,,"Moonen, J.J.M.",2016/02/05,
1275559,Nymphalidae,Danainae,Danaini,Ideopsis,vulgaris,,,"Moonen, J.J.M.",2016/02/05,or: similis
1275560,Nymphalidae,Danainae,Danaini,Danaus,chrysippus,,,"Moonen, J.J.M.",2016/02/05,
1275561,Nymphalidae,Danainae,Danaini,Danaus,chrysippus,,,"Moonen, J.J.M.",2016/02/05,
1275562,Nymphalidae,Danainae,Danaini,Euploea,,,,"Moonen, J.J.M.",2016/02/05,
1275563,Nymphalidae,Danainae,Danaini,Danaus,chrysippus,,,"Moonen, J.J.M.",2016/02/05,
1275564,Nymphalidae,Danainae,Danaini,Euploea,,,,"Moonen, J.J.M.",2016/02/05,
1275565,Nymphalidae,Danainae,Danaini,Danaus,chrysippus,,,"Moonen, J.J.M.",2016/02/05,
1275566,Nymphalidae,Danainae,Danaini,Euploea,,,,"Moonen, J.J.M.",2016/02/05,
1275567,Papilionidae,Papilioninae,Papilionini,Papilio,demolion,demolion,M,"Moonen, J.J.M.",2016/02/05,
1275568,Papilionidae,Papilioninae,Papilionini,Papilio,demolion,demolion,M,"Moonen, J.J.M.",2016/02/05,
1275569,Papilionidae,Papilioninae,Papilionini,Papilio,nephelus,nephelus,M,"Moonen, J.J.M.",2016/02/05,
1275570,Papilionidae,Papilioninae,Papilionini,Papilio,demolion,demolion,M,"Moonen, J.J.M.",2016/02/05,
1275571,Papilionidae,Papilioninae,Papilionini,Papilio,peranthus,peranthus,M,"Moonen, J.J.M.",2016/02/05,
1275572,Papilionidae,Papilioninae,Papilionini,Papilio,helenus ,enganius,M,"Moonen, J.J.M.",2016/02/05,
1275573,Papilionidae,Papilioninae,Leptocircini,Graphium,bathycles ,bathycles,M,"Moonen, J.J.M.",2016/02/05,
1275574,Papilionidae,Papilioninae,Leptocircini,Graphium,antiphates,javanicus,M,"Moonen, J.J.M.",2016/02/05,
1275575,Nymphalidae,Danainae,Danaini,Euploea,,, ,"Moonen, J.J.M.",2016/02/05,
1275576,Nymphalidae,Danainae,Danaini,Danaus,genutia,, ,"Moonen, J.J.M.",2016/02/05,
1275577,Nymphalidae,Danainae,Danaini,Idea,lyncea,, ,"Moonen, J.J.M.",2016/02/05,probably correct
1275578,Nymphalidae,Danainae,Danaini,Danaus,chrysippus,, ,"Moonen, J.J.M.",2016/02/05,
1276218,Papilionidae,Papilioninae,Troidini,Troides,helena,helena,M,"Moonen, J.J.M.",2016/02/05,
1276219,Papilionidae,Papilioninae,Papilionini,Papilio,helenus ,enganius,M,"Moonen, J.J.M.",2016/02/05,
1276220,Papilionidae,Papilioninae,Leptocircini,Graphium,adonarensis,lycianus,M,"Moonen, J.J.M.",2016/02/05,
1276221,Papilionidae,Papilioninae,Troidini,Atrophaneura,nox,nox,F,"Moonen, J.J.M.",2016/02/06,
1276222,Papilionidae,Papilioninae,Papilionini,Papilio,polytes,javanus,M,"Moonen, J.J.M.",2016/02/06,
1276223,Papilionidae,Papilioninae,Troidini,Atrophaneura,coon,coon,M,"Moonen, J.J.M.",2016/02/06,
1276224,Papilionidae,Papilioninae,Troidini,Troides,helena,helena,M,"Moonen, J.J.M.",2016/02/06,
1276225,Papilionidae,Papilioninae,Leptocircini,Graphium,antiphates,javanicus,M,"Moonen, J.J.M.",2016/02/06,
1276226,Papilionidae,Papilioninae,Troidini,Troides,helena,helena,M,"Moonen, J.J.M.",2016/02/06,
1276227,Papilionidae,Papilioninae,Papilionini,Papilio,demolion,demolion,M,"Moonen, J.J.M.",2016/02/06,
1276228,Papilionidae,Papilioninae,Troidini,Troides,helena,helena,M,"Moonen, J.J.M.",2016/02/06,
1276229,Papilionidae,Papilioninae,Leptocircini,Graphium,antiphates,javanicus,M,"Moonen, J.J.M.",2016/02/06,
1276230,Papilionidae,Papilioninae,Papilionini,Papilio,peranthus,peranthus,M,"Moonen, J.J.M.",2016/02/06,
1276231,Papilionidae,Papilioninae,Troidini,Troides,helena,helena,M,"Moonen, J.J.M.",2016/02/06,
1276232,Papilionidae,Papilioninae,Papilionini,Papilio,memnon,memnon,M,"Moonen, J.J.M.",2016/02/06,
1276233,Papilionidae,Papilioninae,Papilionini,Papilio,helenus ,enganius,M,"Moonen, J.J.M.",2016/02/06,
1276234,Papilionidae,Papilioninae,Troidini,Pachliopta,adamas ,adamas,M,"Moonen, J.J.M.",2016/02/06,
1276235,Papilionidae,Papilioninae,Papilionini,Papilio,memnon,memnon,F,"Moonen, J.J.M.",2016/02/06,
1276236,Papilionidae,Papilioninae,Papilionini,Papilio,memnon,memnon,M,"Moonen, J.J.M.",2016/02/06,
1276237,Papilionidae,Papilioninae,Troidini,Troides,helena,helena,M,"Moonen, J.J.M.",2016/02/06,
1276238,Papilionidae,Papilioninae,Papilionini,Papilio,peranthus,peranthus,M,"Moonen, J.J.M.",2016/02/06,
1276239,Papilionidae,Papilioninae,Troidini,Troides,helena,helena,M,"Moonen, J.J.M.",2016/02/06,
1276240,Papilionidae,Papilioninae,Troidini,Troides,helena,helena,M,"Moonen, J.J.M.",2016/02/06,
1276241,Papilionidae,Papilioninae,Troidini,Atrophaneura,nox,nox,F,"Moonen, J.J.M.",2016/02/06,
1276242,Papilionidae,Papilioninae,Troidini,Troides,helena,helena,M,"Moonen, J.J.M.",2016/02/06,
1276243,Papilionidae,Papilioninae,Troidini,Troides,helena,helena,M,"Moonen, J.J.M.",2016/02/06,
1276244,Papilionidae,Papilioninae,Papilionini,Papilio,peranthus,peranthus,M,"Moonen, J.J.M.",2016/02/06,
1276245,Papilionidae,Papilioninae,Papilionini,Papilio,helenus ,enganius,M,"Moonen, J.J.M.",2016/02/06,
1276246,Papilionidae,Papilioninae,Papilionini,Papilio,polytes,javanus,F,"Moonen, J.J.M.",2016/02/06,
1276247,Papilionidae,Papilioninae,Troidini,Atrophaneura,coon,coon,F,"Moonen, J.J.M.",2016/02/06,
1276248,Papilionidae,Papilioninae,Troidini,Troides,helena,helena,M,"Moonen, J.J.M.",2016/02/06,
1276249,Papilionidae,Papilioninae,Papilionini,Papilio,helenus ,enganius,M,"Moonen, J.J.M.",2016/02/06,
1276250,Papilionidae,Papilioninae,Troidini,Atrophaneura,coon,coon,M,"Moonen, J.J.M.",2016/02/06,
1276251,Papilionidae,Papilioninae,Troidini,Atrophaneura,coon,coon,F,"Moonen, J.J.M.",2016/02/06,
1276252,Papilionidae,Papilioninae,Papilionini,Papilio,demolion,demolion,F,"Moonen, J.J.M.",2016/02/06,
1276253,Papilionidae,Papilioninae,Papilionini,Papilio,peranthus,peranthus,F,"Moonen, J.J.M.",2016/02/06,
1276254,Papilionidae,Papilioninae,Leptocircini,Graphium,antiphates,javanicus,M,"Moonen, J.J.M.",2016/02/06,
1276255,Papilionidae,Papilioninae,Troidini,Atrophaneura,coon,coon,M,"Moonen, J.J.M.",2016/02/06,
1276256,Papilionidae,Papilioninae,Papilionini,Papilio,helenus ,enganius,M,"Moonen, J.J.M.",2016/02/06,
1276257,Papilionidae,Papilioninae,Troidini,Troides,helena,helena,M,"Moonen, J.J.M.",2016/02/06,
1276258,Papilionidae,Papilioninae,Troidini,Atrophaneura,coon,coon,M,"Moonen, J.J.M.",2016/02/06,
1276259,Papilionidae,Papilioninae,Papilionini,Papilio,peranthus,peranthus,M,"Moonen, J.J.M.",2016/02/06,
1276324,Papilionidae,Papilioninae,Leptocircini,Graphium,macareus,macareus,M,"Moonen, J.J.M.",2016/02/06,
1276325,Papilionidae,Papilioninae,Papilionini,Papilio,helenus ,enganius,M,"Moonen, J.J.M.",2016/02/06,
1276326,Papilionidae,Papilioninae,Papilionini,Papilio,paris,gedeensis,M,"Moonen, J.J.M.",2016/02/06,cfr. karna
1276327,Papilionidae,Papilioninae,Papilionini,Papilio,paris,gedeensis,M,"Moonen, J.J.M.",2016/02/06,cfr. karna
1276328,Papilionidae,Papilioninae,Papilionini,Papilio,polytes,javanus,M,"Moonen, J.J.M.",2016/02/06,
1276329,Papilionidae,Papilioninae,Leptocircini,Graphium,macareus,macareus,M,"Moonen, J.J.M.",2016/02/06,
1276330,Papilionidae,Papilioninae,Leptocircini,Graphium,macareus,macareus,M,"Moonen, J.J.M.",2016/02/06,
1276331,Papilionidae,Papilioninae,Leptocircini,Graphium,macareus,macareus,M,"Moonen, J.J.M.",2016/02/06,
1276332,Papilionidae,Papilioninae,Papilionini,Papilio,helenus ,enganius,M,"Moonen, J.J.M.",2016/02/06,
1276333,Papilionidae,Papilioninae,Leptocircini,Graphium,adonarensis,lycianus,M,"Moonen, J.J.M.",2016/02/06,
1276334,Papilionidae,Papilioninae,Leptocircini,Graphium,antiphates,javanicus,M,"Moonen, J.J.M.",2016/02/06,
1276335,Papilionidae,Papilioninae,Leptocircini,Graphium,macareus,macareus,M,"Moonen, J.J.M.",2016/02/06,
1276336,Papilionidae,Papilioninae,Leptocircini,Graphium,macareus,macareus,M,"Moonen, J.J.M.",2016/02/06,
1276337,Papilionidae,Papilioninae,Leptocircini,Graphium,macareus,macareus,M,"Moonen, J.J.M.",2016/02/06,
1276338,Papilionidae,Papilioninae,Papilionini,Papilio,demolion,demolion,M,"Moonen, J.J.M.",2016/02/06,
1276339,Papilionidae,Papilioninae,Papilionini,Papilio,memnon,memnon,M,"Moonen, J.J.M.",2016/02/06,
1276340,Papilionidae,Papilioninae,Papilionini,Papilio,polytes,javanus,F,"Moonen, J.J.M.",2016/02/06,
1276341,Papilionidae,Papilioninae,Leptocircini,Graphium,macareus,macareus,M,"Moonen, J.J.M.",2016/02/06,
1276342,Papilionidae,Papilioninae,Leptocircini,Graphium,adonarensis,lycianus,M,"Moonen, J.J.M.",2016/02/06,
1276343,Papilionidae,Papilioninae,Papilionini,Papilio,polytes,javanus,M,"Moonen, J.J.M.",2016/02/06,
1276344,Papilionidae,Papilioninae,Leptocircini,Graphium,macareus,macareus,M,"Moonen, J.J.M.",2016/02/06,
1276345,Papilionidae,Papilioninae,Papilionini,Papilio,paris,gedeensis,M,"Moonen, J.J.M.",2016/02/06,
1276346,Papilionidae,Papilioninae,Leptocircini,Graphium,macareus,macareus,M,"Moonen, J.J.M.",2016/02/06,
1276347,Papilionidae,Papilioninae,Leptocircini,Graphium,macareus,macareus,M,"Moonen, J.J.M.",2016/02/06,
1276348,Papilionidae,Papilioninae,Papilionini,Papilio,helenus ,enganius,M,"Moonen, J.J.M.",2016/02/06,
1276349,Papilionidae,Papilioninae,Papilionini,Papilio,memnon,memnon,M,"Moonen, J.J.M.",2016/02/06,
1276350,Papilionidae,Papilioninae,Papilionini,Papilio,paris,gedeensis,M,"Moonen, J.J.M.",2016/02/06,
1276351,Papilionidae,Papilioninae,Papilionini,Papilio,paris,gedeensis,M,"Moonen, J.J.M.",2016/02/06,
1276352,Papilionidae,Papilioninae,Papilionini,Papilio,paris,gedeensis,M,"Moonen, J.J.M.",2016/02/06,
1276353,Papilionidae,Papilioninae,Papilionini,Papilio,paris,gedeensis,M,"Moonen, J.J.M.",2016/02/06,
1276354,Papilionidae,Papilioninae,Papilionini,Papilio,paris,gedeensis,M,"Moonen, J.J.M.",2016/02/06,
1276355,Papilionidae,Papilioninae,Leptocircini,Graphium,macareus,macareus,M,"Moonen, J.J.M.",2016/02/06,
1276356,Papilionidae,Papilioninae,Papilionini,Papilio,helenus ,enganius,M,"Moonen, J.J.M.",2016/02/06,
1276357,Papilionidae,Papilioninae,Leptocircini,Graphium,macareus,macareus,M,"Moonen, J.J.M.",2016/02/06,
1276358,Papilionidae,Papilioninae,Papilionini,Papilio,paris,gedeensis,M,"Moonen, J.J.M.",2016/02/06,
1276359,Papilionidae,Papilioninae,Leptocircini,Graphium,macareus,macareus,M,"Moonen, J.J.M.",2016/02/06,
1276360,Papilionidae,Papilioninae,Leptocircini,Graphium,macareus,macareus,M,"Moonen, J.J.M.",2016/02/06,
1276361,Papilionidae,Papilioninae,Leptocircini,Graphium,antiphates,javanicus,M,"Moonen, J.J.M.",2016/02/06,
1276362,Papilionidae,Papilioninae,Leptocircini,Graphium,adonarensis,lycianus,M,"Moonen, J.J.M.",2016/02/06,
1276363,Papilionidae,Papilioninae,Leptocircini,Lamproptera,curius,curius,M,"Moonen, J.J.M.",2016/02/06,
1276364,Papilionidae,Papilioninae,Leptocircini,Graphium,evemon,evemon,M,"Moonen, J.J.M.",2016/02/06,
1276365,Papilionidae,Papilioninae,Papilionini,Papilio,polytes,javanus,M,"Moonen, J.J.M.",2016/02/06,
1276366,Papilionidae,Papilioninae,Leptocircini,Graphium,cf. evemon,,M,"Moonen, J.J.M.",2016/02/06,crucial part of bwing not visible; doson or eurypylus strongly resembling
1276367,Papilionidae,Papilioninae,Leptocircini,Graphium,macareus,macareus,M,"Moonen, J.J.M.",2016/02/06,
1276368,Papilionidae,Papilioninae,Leptocircini,Graphium,macareus,macareus,M,"Moonen, J.J.M.",2016/02/06,
1276369,Papilionidae,Papilioninae,Leptocircini,Graphium,evemon,evemon,M,"Moonen, J.J.M.",2016/02/06,
1276370,Papilionidae,Papilioninae,Leptocircini,Graphium,macareus,macareus,M,"Moonen, J.J.M.",2016/02/06,
1276371,Papilionidae,Papilioninae,Papilionini,Papilio,paris,gedeensis,M,"Moonen, J.J.M.",2016/02/06,
1276372,Papilionidae,Papilioninae,Papilionini,Papilio,paris,gedeensis,M,"Moonen, J.J.M.",2016/02/06,
1276373,Papilionidae,Papilioninae,Papilionini,Papilio,demolion,demolion,M,"Moonen, J.J.M.",2016/02/06,
1276374,Papilionidae,Papilioninae,Leptocircini,Graphium,macareus,macareus,M,"Moonen, J.J.M.",2016/02/06,
1276375,Papilionidae,Papilioninae,Leptocircini,Graphium,macareus,macareus,M,"Moonen, J.J.M.",2016/02/06,
1276376,Papilionidae,Papilioninae,Papilionini,Papilio,memnon,memnon,M,"Moonen, J.J.M.",2016/02/06,
1276377,Papilionidae,Papilioninae,Leptocircini,Graphium,adonarensis,lycianus,M,"Moonen, J.J.M.",2016/02/06,
1276378,Papilionidae,Papilioninae,Leptocircini,Graphium,adonarensis,lycianus,M,"Moonen, J.J.M.",2016/02/06,
1276379,Papilionidae,Papilioninae,Papilionini,Papilio,helenus ,enganius,M,"Moonen, J.J.M.",2016/02/06,
1276380,Papilionidae,Papilioninae,Papilionini,Papilio,paris,gedeensis,M,"Moonen, J.J.M.",2016/02/06,
1276381,Papilionidae,Papilioninae,Leptocircini,Graphium,evemon,evemon,M,"Moonen, J.J.M.",2016/02/06,
1276382,Papilionidae,Papilioninae,Leptocircini,Graphium,macareus,macareus,M,"Moonen, J.J.M.",2016/02/06,
1276383,Papilionidae,Papilioninae,Papilionini,Papilio,paris,gedeensis,M,"Moonen, J.J.M.",2016/02/06,
1276384,Papilionidae,Papilioninae,Leptocircini,Graphium,macareus,macareus,M,"Moonen, J.J.M.",2016/02/06,
1276385,Papilionidae,Papilioninae,Leptocircini,Graphium,macareus,macareus,M,"Moonen, J.J.M.",2016/02/06,
1276386,Papilionidae,Papilioninae,Papilionini,Papilio,helenus ,enganius,M,"Moonen, J.J.M.",2016/02/06,
1276387,Papilionidae,Papilioninae,Papilionini,Papilio,paris,gedeensis,M,"Moonen, J.J.M.",2016/02/06,
1276388,Papilionidae,Papilioninae,Leptocircini,Graphium,macareus,macareus,M,"Moonen, J.J.M.",2016/02/06,
1276389,Papilionidae,Papilioninae,Papilionini,Papilio,helenus ,enganius,M,"Moonen, J.J.M.",2016/02/06,
1276390,Papilionidae,Papilioninae,Papilionini,Papilio,helenus ,enganius,M,"Moonen, J.J.M.",2016/02/06,
1276391,Papilionidae,Papilioninae,Leptocircini,Graphium,macareus,macareus,M,"Moonen, J.J.M.",2016/02/06,
1276392,Papilionidae,Papilioninae,Papilionini,Papilio,paris,gedeensis,M,"Moonen, J.J.M.",2016/02/06,
1276393,Papilionidae,Papilioninae,Leptocircini,Graphium,macareus,macareus,M,"Moonen, J.J.M.",2016/02/06,
1276394,Papilionidae,Papilioninae,Leptocircini,Graphium,macareus,macareus,M,"Moonen, J.J.M.",2016/02/06,
1276395,Papilionidae,Papilioninae,Papilionini,Papilio,helenus ,enganius,M,"Moonen, J.J.M.",2016/02/06,
1276396,Papilionidae,Papilioninae,Leptocircini,Graphium,macareus,macareus,M,"Moonen, J.J.M.",2016/02/06,
1276397,Papilionidae,Papilioninae,Leptocircini,Graphium,macareus,macareus,M,"Moonen, J.J.M.",2016/02/06,
1276398,Papilionidae,Papilioninae,Leptocircini,Graphium,adonarensis,lycianus,M,"Moonen, J.J.M.",2016/02/06,
1276399,Papilionidae,Papilioninae,Papilionini,Papilio,helenus ,enganius,M,"Moonen, J.J.M.",2016/02/06,
1276400,Papilionidae,Papilioninae,Leptocircini,Graphium,evemon,evemon,M,"Moonen, J.J.M.",2016/02/06,
1276401,Papilionidae,Papilioninae,Papilionini,Papilio,demolion,demolion,M,"Moonen, J.J.M.",2016/02/06,
1276402,Papilionidae,Papilioninae,Papilionini,Papilio,paris,gedeensis,M,"Moonen, J.J.M.",2016/02/06,
1276403,Papilionidae,Papilioninae,Papilionini,Papilio,helenus ,enganius,M,"Moonen, J.J.M.",2016/02/06,
1276404,Papilionidae,Papilioninae,Papilionini,Papilio,memnon,memnon,F,"Moonen, J.J.M.",2016/02/06,
1276405,Papilionidae,Papilioninae,Papilionini,Papilio,helenus ,enganius,M,"Moonen, J.J.M.",2016/02/06,
1276406,Papilionidae,Papilioninae,Papilionini,Papilio,helenus ,enganius,M,"Moonen, J.J.M.",2016/02/06,
1276407,Papilionidae,Papilioninae,Papilionini,Papilio,paris,gedeensis,M,"Moonen, J.J.M.",2016/02/06,
1276408,Papilionidae,Papilioninae,Leptocircini,Graphium,macareus,macareus,M,"Moonen, J.J.M.",2016/02/06,
1276409,Papilionidae,Papilioninae,Leptocircini,Graphium,macareus,macareus,M,"Moonen, J.J.M.",2016/02/06,
1276410,Papilionidae,Papilioninae,Papilionini,Papilio,memnon,memnon,M,"Moonen, J.J.M.",2016/02/06,
1276411,Papilionidae,Papilioninae,Leptocircini,Graphium,macareus,macareus,M,"Moonen, J.J.M.",2016/02/06,
1276412,Papilionidae,Papilioninae,Leptocircini,Graphium,adonarensis,lycianus,M,"Moonen, J.J.M.",2016/02/06,
1276413,Papilionidae,Papilioninae,Leptocircini,Graphium,macareus,macareus,M,"Moonen, J.J.M.",2016/02/06,
1276414,Papilionidae,Papilioninae,Leptocircini,Graphium,bathycles ,bathycles,M,"Moonen, J.J.M.",2016/02/06,
1276415,Papilionidae,Papilioninae,Papilionini,Papilio,polytes,javanus,M,"Moonen, J.J.M.",2016/02/06,
1276416,Papilionidae,Papilioninae,Leptocircini,Graphium,macareus,macareus,M,"Moonen, J.J.M.",2016/02/06,
1276417,Papilionidae,Papilioninae,Leptocircini,Graphium,adonarensis,lycianus,M,"Moonen, J.J.M.",2016/02/06,
1276418,Papilionidae,Papilioninae,Leptocircini,Graphium,adonarensis,lycianus,M,"Moonen, J.J.M.",2016/02/06,
1276419,Papilionidae,Papilioninae,Leptocircini,Graphium,adonarensis,lycianus,M,"Moonen, J.J.M.",2016/02/06,
1276420,Papilionidae,Papilioninae,Leptocircini,Graphium,bathycles ,bathycles,M,"Moonen, J.J.M.",2016/02/06,
1276421,Papilionidae,Papilioninae,Papilionini,Papilio,helenus ,enganius,M,"Moonen, J.J.M.",2016/02/06,
1276422,Papilionidae,Papilioninae,Leptocircini,Graphium,adonarensis,lycianus,M,"Moonen, J.J.M.",2016/02/06,
1276423,Papilionidae,Papilioninae,Leptocircini,Graphium,antiphates,javanicus,M,"Moonen, J.J.M.",2016/02/06,
1276424,Papilionidae,Papilioninae,Leptocircini,Graphium,adonarensis,lycianus,M,"Moonen, J.J.M.",2016/02/06,
1276425,Papilionidae,Papilioninae,Papilionini,Papilio,paris,gedeensis,M,"Moonen, J.J.M.",2016/02/06,
1276426,Papilionidae,Papilioninae,Leptocircini,Graphium,evemon,evemon,M,"Moonen, J.J.M.",2016/02/06,
1276427,Papilionidae,Papilioninae,Papilionini,Papilio,helenus ,enganius,M,"Moonen, J.J.M.",2016/02/06,
1276428,Papilionidae,Papilioninae,Leptocircini,Graphium,evemon,evemon,M,"Moonen, J.J.M.",2016/02/06,
1276429,Papilionidae,Papilioninae,Papilionini,Papilio,demolion,demolion,M,"Moonen, J.J.M.",2016/02/06,
1276430,Papilionidae,Papilioninae,Leptocircini,Graphium,adonarensis,lycianus,M,"Moonen, J.J.M.",2016/02/06,
1276431,Papilionidae,Papilioninae,Leptocircini,Graphium,macareus,macareus,M,"Moonen, J.J.M.",2016/02/06,
1276432,Papilionidae,Papilioninae,Leptocircini,Graphium,bathycles ,bathycles,M,"Moonen, J.J.M.",2016/02/06,
1276433,Papilionidae,Papilioninae,Leptocircini,Graphium,bathycles ,bathycles,M,"Moonen, J.J.M.",2016/02/06,
1276434,Papilionidae,Papilioninae,Leptocircini,Graphium,macareus,macareus,M,"Moonen, J.J.M.",2016/02/06,
1276435,Papilionidae,Papilioninae,Leptocircini,Graphium,macareus,macareus,M,"Moonen, J.J.M.",2016/02/06,
1276436,Papilionidae,Papilioninae,Papilionini,Papilio,paris,gedeensis,M,"Moonen, J.J.M.",2016/02/06,
1276437,Papilionidae,Papilioninae,Papilionini,Papilio,helenus ,enganius,M,"Moonen, J.J.M.",2016/02/06,
1276438,Papilionidae,Papilioninae,Leptocircini,Graphium,evemon,evemon,M,"Moonen, J.J.M.",2016/02/06,
1276439,Papilionidae,Papilioninae,Leptocircini,Graphium,doson,vulso,M,"Moonen, J.J.M.",2016/02/06,
1276440,Papilionidae,Papilioninae,Leptocircini,Graphium,adonarensis,lycianus,M,"Moonen, J.J.M.",2016/02/06,
1276499,Papilionidae,Papilioninae,Papilionini,Papilio,helenus ,enganius,M,"Moonen, J.J.M.",2016/02/06,
1276500,Papilionidae,Papilioninae,Papilionini,Papilio,demolion,demolion,M,"Moonen, J.J.M.",2016/02/06,
1276501,Papilionidae,Papilioninae,Leptocircini,Graphium,doson,vulso,M,"Moonen, J.J.M.",2016/02/06,
1276502,Papilionidae,Papilioninae,Papilionini,Papilio,polytes,javanus,M,"Moonen, J.J.M.",2016/02/06,
1276503,Papilionidae,Papilioninae,Papilionini,Papilio,paris,gedeensis,M,"Moonen, J.J.M.",2016/02/06,
1276504,Papilionidae,Papilioninae,Leptocircini,Graphium,adonarensis,lycianus,M,"Moonen, J.J.M.",2016/02/06,
1276505,Papilionidae,Papilioninae,Leptocircini,Graphium,adonarensis,lycianus,?F,"Moonen, J.J.M.",2016/02/06,not clearly visible
1276506,Papilionidae,Papilioninae,Papilionini,Papilio,polytes,javanus,F,"Moonen, J.J.M.",2016/02/06,
1276507,Papilionidae,Papilioninae,Leptocircini,Graphium,agamemnon,agamemnon,M,"Moonen, J.J.M.",2016/02/06,
1276508,Papilionidae,Papilioninae,Leptocircini,Graphium,evemon,evemon,M,"Moonen, J.J.M.",2016/02/06,
1276509,Papilionidae,Papilioninae,Leptocircini,Graphium,macareus,macareus,M,"Moonen, J.J.M.",2016/02/06,
1276510,Papilionidae,Papilioninae,Leptocircini,Graphium,adonarensis,lycianus,M,"Moonen, J.J.M.",2016/02/06,
1276511,Papilionidae,Papilioninae,Leptocircini,Graphium,macareus,macareus,M,"Moonen, J.J.M.",2016/02/06,
1276512,Papilionidae,Papilioninae,Leptocircini,Graphium,evemon,evemon,M,"Moonen, J.J.M.",2016/02/06,
1276513,Papilionidae,Papilioninae,Papilionini,Papilio,memnon,memnon,M,"Moonen, J.J.M.",2016/02/06,
1276514,Papilionidae,Papilioninae,Leptocircini,Graphium,macareus,macareus,M,"Moonen, J.J.M.",2016/02/06,
1276515,Papilionidae,Papilioninae,Leptocircini,Graphium,macareus,macareus,M,"Moonen, J.J.M.",2016/02/06,
1276516,Papilionidae,Papilioninae,Papilionini,Papilio,demolion,demolion,M,"Moonen, J.J.M.",2016/02/06,
1276517,Papilionidae,Papilioninae,Leptocircini,Graphium,evemon,evemon,M,"Moonen, J.J.M.",2016/02/06,
1276518,Papilionidae,Papilioninae,Papilionini,Papilio,helenus ,enganius,M,"Moonen, J.J.M.",2016/02/06,
1276519,Papilionidae,Papilioninae,Leptocircini,Graphium,adonarensis,lycianus,M,"Moonen, J.J.M.",2016/02/06,
1276520,Papilionidae,Papilioninae,Papilionini,Papilio,polytes,javanus,M,"Moonen, J.J.M.",2016/02/06,
1276521,Papilionidae,Papilioninae,Papilionini,Papilio,paris,gedeensis,M,"Moonen, J.J.M.",2016/02/06,
1276522,Papilionidae,Papilioninae,Troidini,Atrophaneura,coon,coon,M,"Moonen, J.J.M.",2016/02/06,
1276523,Papilionidae,Papilioninae,Papilionini,Papilio,paris,gedeensis,M,"Moonen, J.J.M.",2016/02/06,
1276524,Papilionidae,Papilioninae,Leptocircini,Graphium,bathycles ,bathycles,M,"Moonen, J.J.M.",2016/02/06,
1276525,Papilionidae,Papilioninae,Leptocircini,Graphium,macareus,macareus,M,"Moonen, J.J.M.",2016/02/06,
1276526,Papilionidae,Papilioninae,Leptocircini,Graphium,macareus,macareus,M,"Moonen, J.J.M.",2016/02/06,
1276527,Papilionidae,Papilioninae,Leptocircini,Graphium,antiphates,javanicus,M,"Moonen, J.J.M.",2016/02/06,
1276528,Papilionidae,Papilioninae,Papilionini,Papilio,helenus ,enganius,M,"Moonen, J.J.M.",2016/02/06,
1276529,Papilionidae,Papilioninae,Leptocircini,Graphium,adonarensis,lycianus,M,"Moonen, J.J.M.",2016/02/06,
1276530,Papilionidae,Papilioninae,Leptocircini,Graphium,adonarensis,lycianus,M,"Moonen, J.J.M.",2016/02/06,
1276531,Papilionidae,Papilioninae,Papilionini,Papilio,helenus ,enganius,M,"Moonen, J.J.M.",2016/02/06,
1276532,Papilionidae,Papilioninae,Leptocircini,Graphium,macareus,macareus,M,"Moonen, J.J.M.",2016/02/06,
1276533,Papilionidae,Papilioninae,Papilionini,Papilio,memnon,memnon,M,"Moonen, J.J.M.",2016/02/06,
1276534,Papilionidae,Papilioninae,Leptocircini,Graphium,evemon,evemon,M,"Moonen, J.J.M.",2016/02/06,
1276535,Papilionidae,Papilioninae,Papilionini,Papilio,helenus ,enganius,M,"Moonen, J.J.M.",2016/02/06,
1276536,Papilionidae,Papilioninae,Papilionini,Papilio,paris,gedeensis,M,"Moonen, J.J.M.",2016/02/06,
1276537,Papilionidae,Papilioninae,Papilionini,Papilio,helenus ,enganius,M,"Moonen, J.J.M.",2016/02/06,
1276538,Papilionidae,Papilioninae,Papilionini,Papilio,demolion,demolion,M,"Moonen, J.J.M.",2016/02/06,
1276539,Papilionidae,Papilioninae,Papilionini,Papilio,polytes,javanus,M,"Moonen, J.J.M.",2016/02/06,
1276540,Papilionidae,Papilioninae,Troidini,Atrophaneura,coon,coon,M,"Moonen, J.J.M.",2016/02/06,
1276541,Papilionidae,Papilioninae,Papilionini,Papilio,polytes,javanus,M,"Moonen, J.J.M.",2016/02/06,
1276542,Papilionidae,Papilioninae,Papilionini,Papilio,polytes,javanus,M,"Moonen, J.J.M.",2016/02/06,
1276543,Papilionidae,Papilioninae,Papilionini,Papilio,demolion,demolion,M,"Moonen, J.J.M.",2016/02/06,
1276544,Papilionidae,Papilioninae,Leptocircini,Graphium,macareus,macareus,M,"Moonen, J.J.M.",2016/02/06,
1276545,Papilionidae,Papilioninae,Papilionini,Papilio,helenus ,enganius,M,"Moonen, J.J.M.",2016/02/06,
1276546,Papilionidae,Papilioninae,Papilionini,Papilio,paris,gedeensis,M,"Moonen, J.J.M.",2016/02/06,
1276547,Papilionidae,Papilioninae,Papilionini,Papilio,paris,gedeensis,M,"Moonen, J.J.M.",2016/02/06,
1276548,Papilionidae,Papilioninae,Papilionini,Papilio,demolion,demolion,M,"Moonen, J.J.M.",2016/02/06,
1276549,Papilionidae,Papilioninae,Papilionini,Papilio,paris,gedeensis,M,"Moonen, J.J.M.",2016/02/06,
1276550,Papilionidae,Papilioninae,Leptocircini,Graphium,evemon,evemon,M,"Moonen, J.J.M.",2016/02/06,
1276551,Papilionidae,Papilioninae,Leptocircini,Graphium,adonarensis,lycianus,M,"Moonen, J.J.M.",2016/02/06,
1276552,Papilionidae,Papilioninae,Papilionini,Papilio,polytes,javanus, F,"Moonen, J.J.M.",2016/02/06,
1276553,Papilionidae,Papilioninae,Papilionini,Papilio,helenus ,enganius,M,"Moonen, J.J.M.",2016/02/06,
1276554,Papilionidae,Papilioninae,Papilionini,Papilio,memnon,memnon,M,"Moonen, J.J.M.",2016/02/06,
1276555,Papilionidae,Papilioninae,Leptocircini,Graphium,macareus,macareus,M,"Moonen, J.J.M.",2016/02/06,
1276556,Papilionidae,Papilioninae,Papilionini,Papilio,demolion,demolion,M,"Moonen, J.J.M.",2016/02/06,
1276557,Papilionidae,Papilioninae,Papilionini,Papilio,helenus ,enganius,M,"Moonen, J.J.M.",2016/02/06,
1276558,Papilionidae,Papilioninae,Papilionini,Papilio,helenus ,enganius,M,"Moonen, J.J.M.",2016/02/06,
1276559,Papilionidae,Papilioninae,Leptocircini,Graphium,agamemnon,agamemnon,M,"Moonen, J.J.M.",2016/02/06,
1276560,Papilionidae,Papilioninae,Papilionini,Papilio,helenus ,enganius,M,"Moonen, J.J.M.",2016/02/06,
1276561,Papilionidae,Papilioninae,Leptocircini,Graphium,adonarensis,lycianus,M,"Moonen, J.J.M.",2016/02/06,
1276562,Papilionidae,Papilioninae,Papilionini,Papilio,memnon,memnon, F,"Moonen, J.J.M.",2016/02/06,
1276563,Papilionidae,Papilioninae,Papilionini,Papilio,paris,gedeensis,M,"Moonen, J.J.M.",2016/02/06,
1276564,Papilionidae,Papilioninae,Leptocircini,Graphium,adonarensis,lycianus,M,"Moonen, J.J.M.",2016/02/06,
1276565,Papilionidae,Papilioninae,Leptocircini,Graphium,bathycles ,bathycles,M,"Moonen, J.J.M.",2016/02/06,
1276566,Papilionidae,Papilioninae,Papilionini,Papilio,paris,gedeensis,M,"Moonen, J.J.M.",2016/02/06,
1276567,Papilionidae,Papilioninae,Leptocircini,Graphium,antiphates,javanicus,M,"Moonen, J.J.M.",2016/02/06,
1276568,Papilionidae,Papilioninae,Leptocircini,Graphium,agamemnon,agamemnon,M,"Moonen, J.J.M.",2016/02/06,
1276569,Papilionidae,Papilioninae,Papilionini,Papilio,helenus ,enganius,M,"Moonen, J.J.M.",2016/02/07,
1276570,Papilionidae,Papilioninae,Papilionini,Papilio,helenus ,enganius,M,"Moonen, J.J.M.",2016/02/07,
1276571,Papilionidae,Papilioninae,Leptocircini,Graphium,evemon,evemon,M,"Moonen, J.J.M.",2016/02/07,
1276572,Papilionidae,Papilioninae,Leptocircini,Graphium,adonarensis,lycianus,M,"Moonen, J.J.M.",2016/02/07,
1276573,Papilionidae,Papilioninae,Leptocircini,Graphium,adonarensis,lycianus,M,"Moonen, J.J.M.",2016/02/07,
1276574,Papilionidae,Papilioninae,Leptocircini,Graphium,adonarensis,lycianus,M,"Moonen, J.J.M.",2016/02/07,
1276575,Papilionidae,Papilioninae,Leptocircini,Graphium,bathycles ,bathycles,M,"Moonen, J.J.M.",2016/02/07,
1276576,Papilionidae,Papilioninae,Leptocircini,Graphium,adonarensis,lycianus,M,"Moonen, J.J.M.",2016/02/07,
1276577,Papilionidae,Papilioninae,Papilionini,Papilio,helenus ,enganius,M,"Moonen, J.J.M.",2016/02/07,
1276578,Papilionidae,Papilioninae,Leptocircini,Graphium,evemon,evemon,M,"Moonen, J.J.M.",2016/02/07,
1276579,Papilionidae,Papilioninae,Leptocircini,Graphium,adonarensis,lycianus,M,"Moonen, J.J.M.",2016/02/07,
1276580,Papilionidae,Papilioninae,Leptocircini,Graphium,evemon,evemon,M,"Moonen, J.J.M.",2016/02/07,
1276581,Papilionidae,Papilioninae,Papilionini,Papilio,helenus ,enganius,M,"Moonen, J.J.M.",2016/02/07,
1276582,Papilionidae,Papilioninae,Leptocircini,Graphium,adonarensis,lycianus,M,"Moonen, J.J.M.",2016/02/07,
1276583,Papilionidae,Papilioninae,Papilionini,Papilio,paris,gedeensis,M,"Moonen, J.J.M.",2016/02/07,
1276584,Papilionidae,Papilioninae,Papilionini,Papilio,polytes,javanus, F,"Moonen, J.J.M.",2016/02/07,
1276585,Papilionidae,Papilioninae,Leptocircini,Graphium,evemon,evemon,M,"Moonen, J.J.M.",2016/02/07,
1276586,Papilionidae,Papilioninae,Papilionini,Papilio,helenus ,enganius,M,"Moonen, J.J.M.",2016/02/07,
1276587,Papilionidae,Papilioninae,Leptocircini,Graphium,evemon,evemon,M,"Moonen, J.J.M.",2016/02/07,
1276588,Papilionidae,Papilioninae,Leptocircini,Graphium,doson,vulso,M,"Moonen, J.J.M.",2016/02/07,
1276589,Papilionidae,Papilioninae,Leptocircini,Graphium,adonarensis,lycianus,M,"Moonen, J.J.M.",2016/02/07,
1276590,Papilionidae,Papilioninae,Papilionini,Papilio,helenus ,enganius,M,"Moonen, J.J.M.",2016/02/07,
1276591,Papilionidae,Papilioninae,Leptocircini,Graphium,evemon,evemon,M,"Moonen, J.J.M.",2016/02/07,
1276592,Papilionidae,Papilioninae,Leptocircini,Graphium,evemon,evemon,M,"Moonen, J.J.M.",2016/02/07,
1276593,Papilionidae,Papilioninae,Troidini,Atrophaneura,coon,coon,M,"Moonen, J.J.M.",2016/02/07,
1276594,Papilionidae,Papilioninae,Papilionini,Papilio,paris,gedeensis,M,"Moonen, J.J.M.",2016/02/07,
1276595,Papilionidae,Papilioninae,Leptocircini,Graphium,macareus,macareus,M,"Moonen, J.J.M.",2016/02/07,
1276596,Papilionidae,Papilioninae,Papilionini,Papilio,memnon,memnon,M,"Moonen, J.J.M.",2016/02/07,
1276597,Papilionidae,Papilioninae,Papilionini,Papilio,demolion,demolion, F,"Moonen, J.J.M.",2016/02/07,
1276598,Papilionidae,Papilioninae,Troidini,Atrophaneura,coon,coon,M,"Moonen, J.J.M.",2016/02/07,
1276599,Papilionidae,Papilioninae,Leptocircini,Graphium,adonarensis,lycianus,M,"Moonen, J.J.M.",2016/02/07,
1276600,Papilionidae,Papilioninae,Papilionini,Papilio,helenus ,enganius,M,"Moonen, J.J.M.",2016/02/07,
1276601,Papilionidae,Papilioninae,Leptocircini,Graphium,adonarensis,lycianus,M,"Moonen, J.J.M.",2016/02/07,
1276602,Papilionidae,Papilioninae,Leptocircini,Graphium,adonarensis,lycianus,M,"Moonen, J.J.M.",2016/02/07,
1276603,Papilionidae,Papilioninae,Papilionini,Papilio,demolion,demolion,M,"Moonen, J.J.M.",2016/02/07,
1276604,Papilionidae,Papilioninae,Papilionini,Papilio,paris,gedeensis,M,"Moonen, J.J.M.",2016/02/07,
1276605,Papilionidae,Papilioninae,Papilionini,Papilio,paris,gedeensis,M,"Moonen, J.J.M.",2016/02/07,
1276606,Papilionidae,Papilioninae,Papilionini,Papilio,helenus ,enganius,M,"Moonen, J.J.M.",2016/02/07,
1276607,Papilionidae,Papilioninae,Leptocircini,Lamproptera,curius,curius,M,"Moonen, J.J.M.",2016/02/07,
1276608,Papilionidae,Papilioninae,Papilionini,Papilio,demolion,demolion,M,"Moonen, J.J.M.",2016/02/07,
1276609,Papilionidae,Papilioninae,Leptocircini,Graphium,macareus,macareus,M,"Moonen, J.J.M.",2016/02/07,
1276610,Papilionidae,Papilioninae,Papilionini,Papilio,memnon,memnon, F,"Moonen, J.J.M.",2016/02/07,
1276611,Papilionidae,Papilioninae,Papilionini,Papilio,paris,gedeensis,M,"Moonen, J.J.M.",2016/02/07,
1276612,Papilionidae,Papilioninae,Leptocircini,Graphium,macareus,macareus,M,"Moonen, J.J.M.",2016/02/07,
1276613,Papilionidae,Papilioninae,Leptocircini,Graphium,macareus,macareus,M,"Moonen, J.J.M.",2016/02/07,
1276614,Papilionidae,Papilioninae,Papilionini,Papilio,memnon,memnon,M,"Moonen, J.J.M.",2016/02/07,
1276615,Papilionidae,Papilioninae,Troidini,Atrophaneura,coon,coon,M,"Moonen, J.J.M.",2016/02/07,
1276616,Papilionidae,Papilioninae,Leptocircini,Graphium,macareus,macareus,M,"Moonen, J.J.M.",2016/02/07,
1276617,Papilionidae,Papilioninae,Leptocircini,Graphium,macareus,macareus,M,"Moonen, J.J.M.",2016/02/07,
1276618,Papilionidae,Papilioninae,Leptocircini,Graphium,bathycles ,bathycles,M,"Moonen, J.J.M.",2016/02/07,
1276619,Papilionidae,Papilioninae,Papilionini,Papilio,paris,gedeensis,M,"Moonen, J.J.M.",2016/02/07,
1276620,Papilionidae,Papilioninae,Papilionini,Papilio,demolion,demolion, F,"Moonen, J.J.M.",2016/02/07,
1276621,Papilionidae,Papilioninae,Leptocircini,Graphium,adonarensis,lycianus,M,"Moonen, J.J.M.",2016/02/07,
1276622,Papilionidae,Papilioninae,Leptocircini,Graphium,macareus,macareus,M,"Moonen, J.J.M.",2016/02/07,
1276623,Papilionidae,Papilioninae,Papilionini,Papilio,paris,gedeensis,M,"Moonen, J.J.M.",2016/02/14,
1276624,Papilionidae,Papilioninae,Leptocircini,Graphium,macareus,macareus,M,"Moonen, J.J.M.",2016/02/14,
1276625,Papilionidae,Papilioninae,Papilionini,Papilio,paris,gedeensis,M,"Moonen, J.J.M.",2016/02/14,
1276626,Papilionidae,Papilioninae,Papilionini,Papilio,paris,gedeensis,M,"Moonen, J.J.M.",2016/02/14,
1276627,Papilionidae,Papilioninae,Leptocircini,Graphium,macareus,macareus,M,"Moonen, J.J.M.",2016/02/14,
1276628,Papilionidae,Papilioninae,Leptocircini,Graphium,adonarensis,lycianus,M,"Moonen, J.J.M.",2016/02/14,
1276629,Papilionidae,Papilioninae,Papilionini,Papilio,memnon,memnon,M,"Moonen, J.J.M.",2016/02/14,
1276630,Papilionidae,Papilioninae,Leptocircini,Graphium,antiphates,javanicus,M,"Moonen, J.J.M.",2016/02/14,
1276631,Papilionidae,Papilioninae,Leptocircini,Graphium,macareus,macareus,M,"Moonen, J.J.M.",2016/02/14,
1276632,Papilionidae,Papilioninae,Leptocircini,Graphium,macareus,macareus,M,"Moonen, J.J.M.",2016/02/14,
1276633,Papilionidae,Papilioninae,Papilionini,Papilio,helenus ,enganius,M,"Moonen, J.J.M.",2016/02/14,
1276634,Papilionidae,Papilioninae,Leptocircini,Graphium,adonarensis,lycianus,M,"Moonen, J.J.M.",2016/02/14,
1276635,Papilionidae,Papilioninae,Papilionini,Papilio,paris,gedeensis,M,"Moonen, J.J.M.",2016/02/14,
1276636,Papilionidae,Papilioninae,Leptocircini,Graphium,macareus,macareus,M,"Moonen, J.J.M.",2016/02/14,
1276637,Papilionidae,Papilioninae,Leptocircini,Graphium,adonarensis,lycianus,M,"Moonen, J.J.M.",2016/02/14,
1276638,Papilionidae,Papilioninae,Leptocircini,Graphium,doson,vulso,M,"Moonen, J.J.M.",2016/02/14,
1276639,Papilionidae,Papilioninae,Papilionini,Papilio,helenus ,enganius,M,"Moonen, J.J.M.",2016/02/14,
1276640,Papilionidae,Papilioninae,Leptocircini,Graphium,evemon,evemon,M,"Moonen, J.J.M.",2016/02/14,
1276641,Papilionidae,Papilioninae,Leptocircini,Graphium,doson,vulso,M,"Moonen, J.J.M.",2016/02/14,
1276642,Papilionidae,Papilioninae,Papilionini,Papilio,memnon,memnon,M,"Moonen, J.J.M.",2016/02/14,
1276643,Papilionidae,Papilioninae,Leptocircini,Graphium,macareus,macareus,M,"Moonen, J.J.M.",2016/02/14,
1276644,Papilionidae,Papilioninae,Papilionini,Papilio,helenus ,enganius,M,"Moonen, J.J.M.",2016/02/14,
1276645,Papilionidae,Papilioninae,Papilionini,Papilio,memnon,memnon, F,"Moonen, J.J.M.",2016/02/14,
1276646,Papilionidae,Papilioninae,Leptocircini,Graphium,adonarensis,lycianus,M,"Moonen, J.J.M.",2016/02/14,
1276647,Papilionidae,Papilioninae,Leptocircini,Graphium,adonarensis,lycianus,M,"Moonen, J.J.M.",2016/02/14,
1276648,Papilionidae,Papilioninae,Leptocircini,Graphium,adonarensis,lycianus,M,"Moonen, J.J.M.",2016/02/14,
1276649,Papilionidae,Papilioninae,Papilionini,Papilio,paris,gedeensis,M,"Moonen, J.J.M.",2016/02/14,
1276650,Papilionidae,Papilioninae,Leptocircini,Graphium,eurypylus,daton,M,"Moonen, J.J.M.",2016/02/14,
1276651,Papilionidae,Papilioninae,Leptocircini,Lamproptera,curius,curius,M,"Moonen, J.J.M.",2016/02/14,
1276652,Papilionidae,Papilioninae,Papilionini,Papilio,demolion,demolion,M,"Moonen, J.J.M.",2016/02/14,
1276653,Papilionidae,Papilioninae,Papilionini,Papilio,memnon,memnon,M,"Moonen, J.J.M.",2016/02/14,
1276654,Papilionidae,Papilioninae,Papilionini,Papilio,helenus ,enganius,M,"Moonen, J.J.M.",2016/02/14,
1276655,Papilionidae,Papilioninae,Papilionini,Papilio,memnon,memnon,M,"Moonen, J.J.M.",2016/02/14,
1276656,Papilionidae,Papilioninae,Papilionini,Papilio,paris,gedeensis,M,"Moonen, J.J.M.",2016/02/14,
1276657,Papilionidae,Papilioninae,Leptocircini,Graphium,evemon,evemon,M,"Moonen, J.J.M.",2016/02/14,
1276658,Papilionidae,Papilioninae,Leptocircini,Graphium,adonarensis,lycianus,M,"Moonen, J.J.M.",2016/02/14,
1276659,Papilionidae,Papilioninae,Papilionini,Papilio,paris,gedeensis,M,"Moonen, J.J.M.",2016/02/14,
1276660,Papilionidae,Papilioninae,Leptocircini,Graphium,adonarensis,lycianus,M,"Moonen, J.J.M.",2016/02/14,
1276661,Papilionidae,Papilioninae,Papilionini,Papilio,memnon,memnon,M,"Moonen, J.J.M.",2016/02/14,
1276662,Papilionidae,Papilioninae,Papilionini,Papilio,paris,gedeensis,M,"Moonen, J.J.M.",2016/02/14,
1276663,Papilionidae,Papilioninae,Papilionini,Papilio,helenus ,enganius,M,"Moonen, J.J.M.",2016/02/14,
1276664,Papilionidae,Papilioninae,Papilionini,Papilio,helenus ,enganius,M,"Moonen, J.J.M.",2016/02/14,
1276665,Papilionidae,Papilioninae,Troidini,Pachliopta,adamas ,adamas, F,"Moonen, J.J.M.",2016/02/14,
1276666,Papilionidae,Papilioninae,Leptocircini,Graphium,macareus,macareus,M,"Moonen, J.J.M.",2016/02/14,
1276667,Papilionidae,Papilioninae,Leptocircini,Graphium,evemon,evemon,M,"Moonen, J.J.M.",2016/02/14,
1276668,Papilionidae,Papilioninae,Leptocircini,Graphium,evemon,evemon,M,"Moonen, J.J.M.",2016/02/14,
1276669,Papilionidae,Papilioninae,Leptocircini,Graphium,adonarensis,lycianus,M,"Moonen, J.J.M.",2016/02/14,
1276670,Papilionidae,Papilioninae,Troidini,Atrophaneura,nox,nox,F,"Moonen, J.J.M.",2016/02/14,
1276671,Papilionidae,Papilioninae,Leptocircini,Graphium,eurypylus,daton,M,"Moonen, J.J.M.",2016/02/14,
1276672,Papilionidae,Papilioninae,Leptocircini,Graphium,macareus,macareus,M,"Moonen, J.J.M.",2016/02/14,
1276673,Papilionidae,Papilioninae,Papilionini,Papilio,memnon,memnon,M,"Moonen, J.J.M.",2016/02/14,
