reg_number,family,subfamily,tribus,genus,subgenus,species,subspecies,sex ,identifier,id_date,remarks
1275461,Nymphalidae,Danainae,Danaini,Ideopsis,,vulgaris,,,"Moonen, J.J.M.",2016/04/03,uncertain
1275462,Nymphalidae,Danainae,Danaini,Euploea,,rhadamanthus (= diocletianus),,,"Moonen, J.J.M.",2016/05/03,
1275463,Nymphalidae,Danainae,Danaini,Euploea,,mulciber,,M,"Moonen, J.J.M.",2016/05/03,
1275464,Nymphalidae,Danainae,Danaini,Parantica,,aspasia,,,"Moonen, J.J.M.",2016/05/03,
1275465,Nymphalidae,Danainae,Danaini,Parantica,,aspasia,,,"Moonen, J.J.M.",2016/05/03,
1275466,Nymphalidae,Danainae,Danaini,Euploea,,mulciber,,F,"Moonen, J.J.M.",2016/05/03,
1275467,Nymphalidae,Danainae,Danaini,Euploea,,mulciber,,F,"Moonen, J.J.M.",2016/05/03,
1275468,Nymphalidae,Danainae,Danaini,Euploea,,rhadamanthus (= diocletianus),,,"Moonen, J.J.M.",2016/05/03,
1275469,Nymphalidae,Danainae,Danaini,Euploea,,mulciber,,F,"Moonen, J.J.M.",2016/05/03,
1275470,Nymphalidae,Danainae,Danaini,Euploea,,mulciber,,F,"Moonen, J.J.M.",2016/05/03,
1275471,Nymphalidae,Danainae,Danaini,Euploea,,mulciber,,F,"Moonen, J.J.M.",2016/05/03,
1275472,Nymphalidae,Danainae,Danaini,Idea,,lyncea,,,"Moonen, J.J.M.",2016/05/03,stolli?
1275473,Nymphalidae,Danainae,Danaini,Euploea,,mulciber,,M,"Moonen, J.J.M.",2016/07/03,
1275474,Nymphalidae,Danainae,Danaini,Ideopsis,,vulgaris,,,"Moonen, J.J.M.",2016/07/03,
1275475,Nymphalidae,Danainae,Danaini,Parantica,,aspasia,,,"Moonen, J.J.M.",2016/07/03,
1275476,Nymphalidae,,,,,,,,"Moonen, J.J.M.",2016/07/03,
1275477,Nymphalidae,Danainae,Danaini,Euploea,,mulciber,,M,"Moonen, J.J.M.",2016/07/03,
1275478,Nymphalidae,Danainae,Danaini,Danaus,,genutia,,,"Moonen, J.J.M.",2016/07/03,
1275479,Nymphalidae,Danainae,Danaini,Parantica,,aspasia,,,"Moonen, J.J.M.",2016/07/03,
1275480,Nymphalidae,Danainae,Danaini,Danaus,,genutia,,,"Moonen, J.J.M.",2016/07/03,
1275481,Nymphalidae,Danainae,Danaini,Euploea,,mulciber,,F,"Moonen, J.J.M.",2016/07/03,
1275482,Nymphalidae,Danainae,Danaini,Danaus,,genutia,,,"Moonen, J.J.M.",2016/07/03,
1275483,Nymphalidae,Danainae,Danaini,Parantica,,aspasia,,,"Moonen, J.J.M.",2016/07/03,
1275484,Nymphalidae,Danainae,Danaini,Idea,,lyncea,,,"Moonen, J.J.M.",2016/07/03,stolli?
1275485,,,,,,,,,"Moonen, J.J.M.",2016/07/03,EMPTY
1275486,Nymphalidae,Danainae,Danaini,Parantica,,melaneus,,,"Moonen, J.J.M.",2016/07/03,
1275487,Nymphalidae,Danainae,Danaini,Euploea,,,,,"Moonen, J.J.M.",2016/07/03,
1275488,Nymphalidae,Danainae,Danaini,Parantica,,melaneus,,,"Moonen, J.J.M.",2016/07/03,
1275489,Nymphalidae,Danainae,Danaini,Parantica,,melaneus,,,"Moonen, J.J.M.",2016/07/03,
1275490,Papilionidae,Papilioninae,Papilionini,Papilio,Menelaides,demolion,demolion,M,"Moonen, J.J.M.",2016/07/03,
1275491,Papilionidae,Papilioninae,Troidini,Troides,Troides,helena,helena,M,"Moonen, J.J.M.",2016/07/03,
1275492,Papilionidae,Papilioninae,Papilionini,Papilio,Achillides,peranthus,peranthus,M,"Moonen, J.J.M.",2016/07/03,
1275493,Nymphalidae,Danainae,Danaini,Euploea,,mulciber,,M,"Moonen, J.J.M.",2016/07/03,
1275494,Nymphalidae,Danainae,Danaini,Euploea,,rhadamanthus (= diocletianus),, ,"Moonen, J.J.M.",2016/07/03,
1275495,Papilionidae,Papilioninae,Papilionini,Papilio,Achillides,peranthus,peranthus,M,"Moonen, J.J.M.",2016/07/03,
1275496,,,,,,,, ,"Moonen, J.J.M.",2016/07/03,EMPTY
1275497,Papilionidae,Papilioninae,Papilionini,Papilio,Achillides,peranthus,peranthus,M,"Moonen, J.J.M.",2016/07/03,
1275498,Papilionidae,Papilioninae,Papilionini,Papilio,Achillides,peranthus,peranthus,M,"Moonen, J.J.M.",2016/07/03,
1275499,Papilionidae,Papilioninae,Papilionini,Papilio,Menelaides,helenus ,enganius,M,"Moonen, J.J.M.",2016/07/03,
1275500,Nymphalidae,Danainae,Danaini,Euploea,,rhadamanthus (= diocletianus),, ,"Moonen, J.J.M.",2016/07/03,
1275501,Nymphalidae,Danainae,Danaini,Parantica,,aspasia,, ,"Moonen, J.J.M.",2016/07/03,
1275502,Papilionidae,Papilioninae,Papilionini,Papilio,Menelaides,helenus ,enganius,M,"Moonen, J.J.M.",2016/07/03,
1275503,Papilionidae,Papilioninae,Papilionini,Papilio,Achillides,karna,karna,M,"Moonen, J.J.M.",2016/07/03,
1275504,Papilionidae,Papilioninae,Papilionini,Papilio,Achillides,paris,gedeensis,M,"Moonen, J.J.M.",2016/07/03,
1275505,Papilionidae,Papilioninae,Papilionini,Papilio,Achillides,peranthus,peranthus,M,"Moonen, J.J.M.",2016/07/03,
1275506,Nymphalidae,Danainae,Danaini,Euploea,,,, ,"Moonen, J.J.M.",2016/07/03,
1275507,Nymphalidae,Danainae,Danaini,Parantica,,aspasia,, ,"Moonen, J.J.M.",2016/07/03,
1275508,Papilionidae,Papilioninae,Papilionini,Papilio,Achillides,karna,karna,M,"Moonen, J.J.M.",2016/07/03,90%
1275509,Papilionidae,Papilioninae,Papilionini,Papilio,Menelaides,helenus ,enganius,M,"Moonen, J.J.M.",2016/07/03,
1275510,Papilionidae,Papilioninae,Papilionini,Papilio,Menelaides,helenus ,enganius,M,"Moonen, J.J.M.",2016/07/03,
1275511,Papilionidae,Papilioninae,Papilionini,Papilio,Menelaides,nephelus,nephelus,M,"Moonen, J.J.M.",2016/07/03,
1275512,Papilionidae,Papilioninae,Papilionini,Papilio,Achillides,karna,karna,M,"Moonen, J.J.M.",2016/07/03,
1275513,Papilionidae,Papilioninae,Papilionini,Papilio,Menelaides,nephelus,nephelus,M,"Moonen, J.J.M.",2016/07/03,
1275514,Papilionidae,Papilioninae,Papilionini,Papilio,Menelaides,demolion,demolion,M,"Moonen, J.J.M.",2016/07/03,
1275515,Papilionidae,Papilioninae,Papilionini,Papilio,Achillides,karna,karna,M,"Moonen, J.J.M.",2016/07/03, 
1275516,Papilionidae,Papilioninae,Papilionini,Papilio,Menelaides,nephelus,nephelus,M,"Moonen, J.J.M.",2016/07/03,
1275517,Papilionidae,Papilioninae,Papilionini,Papilio,Menelaides,nephelus,nephelus,M,"Moonen, J.J.M.",2016/07/03,
1275518,Papilionidae,Papilioninae,Papilionini,Papilio,Menelaides,helenus ,enganius,M,"Moonen, J.J.M.",2016/07/03,
1275519,Papilionidae,Papilioninae,Papilionini,Papilio,Menelaides,helenus ,enganius,M,"Moonen, J.J.M.",2016/07/03,
1275520,Nymphalidae,Danainae,Danaini,Euploea,,mulciber,,F,"Moonen, J.J.M.",2016/07/03,
1275521,Papilionidae,Papilioninae,Papilionini,Papilio,Menelaides,helenus ,enganius,M,"Moonen, J.J.M.",2016/07/03,
1275522,Nymphalidae,Heliconiinae,Acraeini,Acraea,,vesta,,,"Moonen, J.J.M.",2016/07/03,"see Roepke, Rhop.Javanica(?= Actinote issoria Hb.)"
1275523,Papilionidae,Papilioninae,Papilionini,Papilio,Menelaides,helenus ,enganius,M,"Moonen, J.J.M.",2016/07/03,
1275524,Papilionidae,Papilioninae,Papilionini,Papilio,Menelaides,helenus ,enganius,M,"Moonen, J.J.M.",2016/07/03,
1275525,Nymphalidae,Heliconiinae,Acraeini,Acraea,,vesta,,,"Moonen, J.J.M.",2016/07/03,
1275526,Papilionidae,Papilioninae,Papilionini,Papilio,Menelaides,helenus ,enganius,M,"Moonen, J.J.M.",2016/07/03,
1275527,Papilionidae,Papilioninae,Papilionini,Papilio,Menelaides,demolion,demolion,M,"Moonen, J.J.M.",2016/07/03,
1275528,Papilionidae,Papilioninae,Papilionini,Papilio,Menelaides,demolion,demolion,M,"Moonen, J.J.M.",2016/07/03,
1275529,Papilionidae,Papilioninae,Papilionini,Papilio,Achillides,karna,karna,M,"Moonen, J.J.M.",2016/07/03,90%
1275530,Papilionidae,Papilioninae,Papilionini,Papilio,Menelaides,helenus ,enganius,M,"Moonen, J.J.M.",2016/07/03,
1276260,Nymphalidae,,,,,,,,"Moonen, J.J.M.",2016/07/03,
1276261,Lycaenidae,,,,,,,,"Moonen, J.J.M.",2016/07/03,
1276262,Nymphalidae,,,Vindula,,arsinoe,,,"Moonen, J.J.M.",2016/07/03,
1276263,Nymphalidae,Danainae,Danaini,Euploea,,,,,"Moonen, J.J.M.",2016/07/03,
1276264,Nymphalidae,,,Vindula,,arsinoe,,,"Moonen, J.J.M.",2016/07/03,
1276265,Nymphalidae,,,Cyrestis,,lutea,,,"Moonen, J.J.M.",2016/07/03,
1276266,Nymphalidae,,,Vindula,,arsinoe,,,"Moonen, J.J.M.",2016/07/03,
1276267,Nymphalidae,,,Cyrestis,,lutea,,,"Moonen, J.J.M.",2016/07/03,
1276268,Nymphalidae,,,,,,,,"Moonen, J.J.M.",2016/07/03,
1276269,Nymphalidae,,,Cyrestis,,lutea,,,"Moonen, J.J.M.",2016/07/03,
1276270,Nymphalidae,,,Vindula,,arsinoe,,,"Moonen, J.J.M.",2016/07/03,
1276271,Nymphalidae,,,Cyrestis,,lutea,,,"Moonen, J.J.M.",2016/07/03,
1276272,Nymphalidae,Danainae,Danaini,Danaus,,chrysippus,,,"Moonen, J.J.M.",2016/07/03,
1276273,Nymphalidae,Danainae,Danaini,Danaus,,chrysippus,,,"Moonen, J.J.M.",2016/07/03,
1276274,Nymphalidae,Danainae,Danaini,Euploea,,mulciber,,F,"Moonen, J.J.M.",2016/07/03,
1276275,Lycaenidae,,,,,,,,"Moonen, J.J.M.",2016/07/03,
1276276,Nymphalidae,Danainae,Danaini,Danaus,,chrysippus,,,"Moonen, J.J.M.",2016/07/03,
1276277,Pieridae,,,Appias,,(indra) leptis,,,"Moonen, J.J.M.",2016/07/03,
1276278,Nymphalidae,,,Vindula,,arsinoe,,,"Moonen, J.J.M.",2016/07/03,
1276279,Pieridae,,,Appias,,nero,,,"Moonen, J.J.M.",2016/07/03,
1276280,Nymphalidae,,,Vindula,,arsinoe,,,"Moonen, J.J.M.",2016/07/03,
1276281,Nymphalidae,Danainae,Danaini,Danaus,,chrysippus,,,"Moonen, J.J.M.",2016/07/03,
1276282,Nymphalidae,Danainae,Danaini,Danaus,,chrysippus,,,"Moonen, J.J.M.",2016/07/03,
1276283,Nymphalidae,,,,,,,,"Moonen, J.J.M.",2016/07/03,
1276284,Nymphalidae,Danainae,Danaini,Danaus,,chrysippus,,,"Moonen, J.J.M.",2016/07/03,
1276285,Nymphalidae,Danainae,Danaini,Danaus,,chrysippus,,,"Moonen, J.J.M.",2016/07/03,
1276286,Nymphalidae,Danainae,Danaini,Danaus,,chrysippus,,,"Moonen, J.J.M.",2016/07/03,
1276287,Nymphalidae,Danainae,Danaini,Danaus,,chrysippus,,,"Moonen, J.J.M.",2016/07/03,
1276288,Nymphalidae,Danainae,Danaini,Euploea,,rhadamanthus (= diocletianus),,,"Moonen, J.J.M.",2016/07/03,
1276289,Pieridae,,,Appias,,indra (lucasi),,,"Moonen, J.J.M.",2016/07/03,
1276290,Nymphalidae,,,Vindula,,arsinoe,,,"Moonen, J.J.M.",2016/07/03,
1276291,Hesperiidae,,,,,,,,"Moonen, J.J.M.",2016/07/03,
1276292,Pieridae,,,Appias,,nero,,,"Moonen, J.J.M.",2016/07/03,
1276293,Nymphalidae,Danainae,Danaini,Euploea,,rhadamanthus (= diocletianus),,,"Moonen, J.J.M.",2016/07/03,
1276294,Hesperiidae,,,,,,,,"Moonen, J.J.M.",2016/07/03,
1276295,Pieridae,,,Appias,,(indra) leptis,,,"Moonen, J.J.M.",2016/07/03,
1276296,Nymphalidae,,,,,,,,"Moonen, J.J.M.",2016/07/03,
1276297,Lycaenidae,,,,,,,,"Moonen, J.J.M.",2016/07/03,
1276298,Nymphalidae,Danainae,Danaini,Parantica,,,,,"Moonen, J.J.M.",2016/07/03,
1276299,Pieridae,,,Appias,,indra (lucasi),,,"Moonen, J.J.M.",2016/07/03,
1276300,Nymphalidae,,,,,,,,"Moonen, J.J.M.",2016/07/03,
1276301,Nymphalidae,Danainae,Danaini,Euploea,,rhadamanthus (= diocletianus),,,"Moonen, J.J.M.",2016/07/03,
1276302,Pieridae,,,Cepora,,iudith,,,"Moonen, J.J.M.",2016/07/03,
1276303,Pieridae,,,Appias,,nero,,,"Moonen, J.J.M.",2016/07/03,
1276304,Nymphalidae,Danainae,Danaini,Danaus,,chrysippus,,,"Moonen, J.J.M.",2016/07/03,
1276305,Nymphalidae,Danainae,Danaini,Danaus,,chrysippus,,,"Moonen, J.J.M.",2016/07/03,
1276306,Pieridae,,,Appias,,nero,,,"Moonen, J.J.M.",2016/07/03,
1276307,Nymphalidae,Danainae,Danaini,Danaus,,chrysippus,,,"Moonen, J.J.M.",2016/07/03,
1276308,Pieridae,,,Cepora,,iudith,,,"Moonen, J.J.M.",2016/07/03,
1276309,Riodinidae,,,Zemeros,,flegyas,,,"Moonen, J.J.M.",2016/07/03,name correct?
1276310,Nymphalidae,Danainae,Danaini,Danaus,,chrysippus,,,"Moonen, J.J.M.",2016/07/03,
1276311,Nymphalidae,,,Neorina,,crishna,,,"Moonen, J.J.M.",2016/07/03,need to check
1276312,Riodinidae,,,Zemeros,,flegyas,,,"Moonen, J.J.M.",2016/07/03,
1276313,Nymphalidae,Satyrinae,,Ragadia,,crisia,,,"Moonen, J.J.M.",2016/07/03,
1276314,Nymphalidae,Satyrinae,,Ragadia,,crisia,,,"Moonen, J.J.M.",2016/07/03,
1276315,Nymphalidae,Danainae,Danaini,Danaus,,chrysippus,,,"Moonen, J.J.M.",2016/07/03,
1276316,Nymphalidae,,,Vindula,,arsinoe,,,"Moonen, J.J.M.",2016/07/03,
1276317,Lycaenidae,,,,,,,,"Moonen, J.J.M.",2016/07/03,
1276318,Nymphalidae,Danainae,Danaini,Ideopsis,,juventa,,,"Moonen, J.J.M.",2016/07/03,
1276319,Nymphalidae,Danainae,Danaini,Ideopsis,,juventa,,,"Moonen, J.J.M.",2016/07/03,
1276320,Nymphalidae,Danainae,Danaini,Danaus,,chrysippus,,,"Moonen, J.J.M.",2016/07/03,
1276321,Pieridae,,,Appias,,(indra) leptis,,,"Moonen, J.J.M.",2016/07/03,
1276322,Hesperiidae,,,,,,,,"Moonen, J.J.M.",2016/07/03,
1276323,Nymphalidae,Danainae,Danaini,Danaus,,chrysippus,,,"Moonen, J.J.M.",2016/07/03,
1276441,Papilionidae,Papilioninae,Papilionini,Papilio,Menelaides,helenus ,enganius,M,"Moonen, J.J.M.",2016/07/03,
1276442,Papilionidae,Papilioninae,Papilionini,Papilio,Achillides,paris,gedeensis,M,"Moonen, J.J.M.",2016/07/03,
1276443,Papilionidae,Papilioninae,Leptocircini,Graphium,Pathysa,macareus,macareus,M,"Moonen, J.J.M.",2016/07/03,
1276444,Papilionidae,Papilioninae,Papilionini,Papilio,Menelaides,helenus ,enganius,M,"Moonen, J.J.M.",2016/07/03,
1276445,Papilionidae,Papilioninae,Papilionini,Papilio,Achillides,paris,gedeensis,M,"Moonen, J.J.M.",2016/07/03,
1276446,Papilionidae,Papilioninae,Papilionini,Papilio,Menelaides,helenus ,enganius,M,"Moonen, J.J.M.",2016/07/03,
1276447,Papilionidae,Papilioninae,Leptocircini,Graphium,Graphium,evemon,evemon,M,"Moonen, J.J.M.",2016/07/03,
1276448,Papilionidae,Papilioninae,Leptocircini,Graphium,Pathysa,macareus,macareus,M,"Moonen, J.J.M.",2016/07/03,
1276449,Papilionidae,Papilioninae,Papilionini,Papilio,Menelaides,helenus ,enganius,M,"Moonen, J.J.M.",2016/07/03,
1276450,Papilionidae,Papilioninae,Papilionini,Papilio,Achillides,paris,gedeensis,M,"Moonen, J.J.M.",2016/07/03,
1276451,Papilionidae,Papilioninae,Papilionini,Papilio,Menelaides,helenus ,enganius,M,"Moonen, J.J.M.",2016/07/03,
1276452,Papilionidae,Papilioninae,Leptocircini,Graphium,Pathysa,macareus,macareus,M,"Moonen, J.J.M.",2016/07/03,
1276453,Papilionidae,Papilioninae,Papilionini,Papilio,Achillides,paris,gedeensis,M,"Moonen, J.J.M.",2016/07/03,
1276454,Papilionidae,Papilioninae,Papilionini,Papilio,Achillides,paris,gedeensis,M,"Moonen, J.J.M.",2016/07/03,
1276455,Papilionidae,Papilioninae,Leptocircini,Graphium,Pathysa,macareus,macareus,M,"Moonen, J.J.M.",2016/07/03,
1276456,Papilionidae,Papilioninae,Papilionini,Papilio,Menelaides,helenus ,enganius,M,"Moonen, J.J.M.",2016/07/03,
1276457,Papilionidae,Papilioninae,Papilionini,Papilio,Menelaides,polytes,javanus,M,"Moonen, J.J.M.",2016/07/03,
1276458,Papilionidae,Papilioninae,Leptocircini,Graphium,Pathysa,macareus,macareus,M,"Moonen, J.J.M.",2016/07/03,
1276459,Papilionidae,Papilioninae,Leptocircini,Graphium,Pathysa,macareus,macareus,M,"Moonen, J.J.M.",2016/07/03,
1276460,Papilionidae,Papilioninae,Papilionini,Papilio,Menelaides,helenus ,enganius,M,"Moonen, J.J.M.",2016/07/03,
1276461,Papilionidae,Papilioninae,Leptocircini,Graphium,Pathysa,macareus,macareus,M,"Moonen, J.J.M.",2016/07/03,
1276462,Papilionidae,Papilioninae,Leptocircini,Graphium,Pathysa,macareus,macareus,M,"Moonen, J.J.M.",2016/07/03,
1276463,Papilionidae,Papilioninae,Papilionini,Papilio,Menelaides,memnon,memnon,F,"Moonen, J.J.M.",2016/07/03,
1276464,Papilionidae,Papilioninae,Leptocircini,Graphium,Graphium,evemon,evemon,M,"Moonen, J.J.M.",2016/07/03,
1276465,Papilionidae,Papilioninae,Leptocircini,Graphium,Graphium,evemon,evemon,M,"Moonen, J.J.M.",2016/07/03,
1276466,Papilionidae,Papilioninae,Leptocircini,Graphium,Graphium,adonarensis,lycianus,M,"Moonen, J.J.M.",2016/07/03,
1276467,Papilionidae,Papilioninae,Leptocircini,Graphium,Pathysa,antiphates,javanicus,M,"Moonen, J.J.M.",2016/07/03,
1276468,Papilionidae,Papilioninae,Papilionini,Papilio,Menelaides,helenus ,enganius,M,"Moonen, J.J.M.",2016/07/03,
1276469,Papilionidae,Papilioninae,Papilionini,Papilio,Menelaides,helenus ,enganius,M,"Moonen, J.J.M.",2016/07/03,
1276470,Papilionidae,Papilioninae,Leptocircini,Graphium,Pathysa,macareus,macareus,M,"Moonen, J.J.M.",2016/07/03,
1276471,Papilionidae,Papilioninae,Leptocircini,Graphium,Graphium,adonarensis,lycianus,M,"Moonen, J.J.M.",2016/07/03,
1276472,Papilionidae,Papilioninae,Leptocircini,Graphium,Graphium,doson,vulso,M,"Moonen, J.J.M.",2016/07/03,
1276473,Papilionidae,Papilioninae,Papilionini,Papilio,Achillides,paris,gedeensis,M,"Moonen, J.J.M.",2016/07/03,
1276474,Papilionidae,Papilioninae,Papilionini,Papilio,Achillides,paris,gedeensis,M,"Moonen, J.J.M.",2016/07/03,
1276475,Papilionidae,Papilioninae,Leptocircini,Graphium,Graphium,adonarensis,lycianus,M,"Moonen, J.J.M.",2016/07/03,
1276476,Papilionidae,Papilioninae,Leptocircini,Graphium,Graphium,adonarensis,lycianus,M,"Moonen, J.J.M.",2016/07/03,
1276477,Papilionidae,Papilioninae,Leptocircini,Graphium,Graphium,evemon,evemon,M,"Moonen, J.J.M.",2016/07/03,
1276478,Papilionidae,Papilioninae,Papilionini,Papilio,Menelaides,helenus ,enganius,M,"Moonen, J.J.M.",2016/07/03,
1276479,Papilionidae,Papilioninae,Leptocircini,Graphium,Graphium,agamemnon,agamemnon,M,"Moonen, J.J.M.",2016/07/03,
1276480,Papilionidae,Papilioninae,Papilionini,Papilio,Menelaides,helenus ,enganius,M,"Moonen, J.J.M.",2016/07/03,
1276481,Papilionidae,Papilioninae,Papilionini,Papilio,Menelaides,demolion,demolion,M,"Moonen, J.J.M.",2016/07/03,
1276482,Papilionidae,Papilioninae,Leptocircini,Graphium,Pathysa,macareus,macareus,M,"Moonen, J.J.M.",2016/07/03,
1276483,Papilionidae,Papilioninae,Leptocircini,Graphium,Graphium,adonarensis,lycianus,M,"Moonen, J.J.M.",2016/07/03,
1276484,Papilionidae,Papilioninae,Papilionini,Papilio,Achillides,paris,gedeensis,M,"Moonen, J.J.M.",2016/07/03,
1276485,Papilionidae,Papilioninae,Leptocircini,Graphium,Graphium,evemon,evemon,M,"Moonen, J.J.M.",2016/07/03,
1276486,Papilionidae,Papilioninae,Leptocircini,Graphium,Graphium,evemon,evemon,M,"Moonen, J.J.M.",2016/07/03,
1276487,Papilionidae,Papilioninae,Leptocircini,Graphium,Graphium,adonarensis,lycianus,M,"Moonen, J.J.M.",2016/07/03,
1276488,Papilionidae,Papilioninae,Leptocircini,Graphium,Pathysa,antiphates,javanicus,M,"Moonen, J.J.M.",2016/07/03,
1276489,Papilionidae,Papilioninae,Papilionini,Papilio,Menelaides,memnon,memnon,M,"Moonen, J.J.M.",2016/07/03,
1276490,Papilionidae,Papilioninae,Leptocircini,Graphium,Pathysa,macareus,macareus,M,"Moonen, J.J.M.",2016/07/03,
1276491,Papilionidae,Papilioninae,Papilionini,Papilio,Menelaides,helenus ,enganius,M,"Moonen, J.J.M.",2016/07/03,
1276492,Papilionidae,Papilioninae,Leptocircini,Graphium,Graphium,evemon,evemon,M,"Moonen, J.J.M.",2016/07/03,
1276493,Papilionidae,Papilioninae,Leptocircini,Graphium,Graphium,doson,vulso,M,"Moonen, J.J.M.",2016/07/03,
1276494,Papilionidae,Papilioninae,Papilionini,Papilio,Achillides,paris,gedeensis,M,"Moonen, J.J.M.",2016/07/03,
1276495,Papilionidae,Papilioninae,Papilionini,Papilio,Menelaides,helenus ,enganius,F,"Moonen, J.J.M.",2016/07/03,
1276496,Papilionidae,Papilioninae,Papilionini,Papilio,Menelaides,helenus ,enganius,M,"Moonen, J.J.M.",2016/07/03,
1276497,Papilionidae,Papilioninae,Papilionini,Papilio,Achillides,paris,gedeensis,M,"Moonen, J.J.M.",2016/07/03,
1276498,Papilionidae,Papilioninae,Leptocircini,Graphium,Graphium,evemon,evemon,M,"Moonen, J.J.M.",2016/07/03,
1276674,Papilionidae,Papilioninae,Leptocircini,Graphium,Graphium,adonarensis,lycianus,M,"Moonen, J.J.M.",2016/07/03,
1276675,Papilionidae,Papilioninae,Leptocircini,Graphium,Graphium,adonarensis,lycianus,M,"Moonen, J.J.M.",2016/07/03,
1276676,Papilionidae,Papilioninae,Leptocircini,Graphium,Graphium,adonarensis,lycianus,M,"Moonen, J.J.M.",2016/07/03,
1276677,Papilionidae,Papilioninae,Papilionini,Papilio,Achillides,paris,gedeensis,M,"Moonen, J.J.M.",2016/07/03,
1276678,Papilionidae,Papilioninae,Leptocircini,Graphium,Graphium,evemon,evemon,M,"Moonen, J.J.M.",2016/07/03,
1276679,Papilionidae,Papilioninae,Leptocircini,Graphium,Graphium,doson,vulso,M,"Moonen, J.J.M.",2016/07/03,
1276680,Papilionidae,Papilioninae,Leptocircini,Graphium,Graphium,adonarensis,lycianus,M,"Moonen, J.J.M.",2016/08/03,
1276681,Papilionidae,Papilioninae,Leptocircini,Graphium,Graphium,doson,vulso,M,"Moonen, J.J.M.",2016/08/03,
1276682,Papilionidae,Papilioninae,Leptocircini,Graphium,Graphium,adonarensis,lycianus,M,"Moonen, J.J.M.",2016/08/03,
1276683,Papilionidae,Papilioninae,Leptocircini,Graphium,Graphium,adonarensis,lycianus,M,"Moonen, J.J.M.",2016/08/03,
1276684,Papilionidae,Papilioninae,Leptocircini,Graphium,Pathysa,macareus,macareus,M,"Moonen, J.J.M.",2016/08/03,
1276685,Papilionidae,Papilioninae,Leptocircini,Graphium,Graphium,adonarensis,lycianus,M,"Moonen, J.J.M.",2016/08/03,
1276686,Papilionidae,Papilioninae,Papilionini,Papilio,Menelaides,nephelus,nephelus,M,"Moonen, J.J.M.",2016/08/03,
1276687,Papilionidae,Papilioninae,Papilionini,Papilio,Menelaides,polytes,javanus,F,"Moonen, J.J.M.",2016/08/03,
1276688,Papilionidae,Papilioninae,Papilionini,Papilio,Menelaides,memnon,memnon,F,"Moonen, J.J.M.",2016/08/03,
1276689,Papilionidae,Papilioninae,Papilionini,Papilio,Menelaides,polytes,javanus,F,"Moonen, J.J.M.",2016/08/03,tails broken off
1276690,Papilionidae,Papilioninae,Papilionini,Papilio,Achillides,paris,gedeensis,M,"Moonen, J.J.M.",2016/08/03,
1276691,Papilionidae,Papilioninae,Leptocircini,Graphium,Graphium,adonarensis,lycianus,M,"Moonen, J.J.M.",2016/08/03,
1276692,Papilionidae,Papilioninae,Papilionini,Papilio,Menelaides,helenus ,enganius,M,"Moonen, J.J.M.",2016/08/03,
1276693,Papilionidae,Papilioninae,Troidini,Atrophaneura,Losaria,coon,coon,M,"Moonen, J.J.M.",2016/08/03,
1276694,Papilionidae,Papilioninae,Troidini,Troides,,,,M,"Moonen, J.J.M.",2016/08/03,amphrysus?? Need to check
1276695,Papilionidae,Papilioninae,Papilionini,Papilio,Menelaides,helenus ,enganius,M,"Moonen, J.J.M.",2016/08/03,
1276696,Papilionidae,Papilioninae,Papilionini,Papilio,Menelaides,demolion,demolion,M,"Moonen, J.J.M.",2016/08/03,
1276697,Papilionidae,Papilioninae,Troidini,Atrophaneura,Losaria,coon,coon,F,"Moonen, J.J.M.",2016/08/03,
1276698,Papilionidae,Papilioninae,Leptocircini,Lamproptera,,curius,curius,M,"Moonen, J.J.M.",2016/08/03,
1276699,Papilionidae,Papilioninae,Papilionini,Papilio,Menelaides,helenus ,enganius,F,"Moonen, J.J.M.",2016/08/03,
1276700,Papilionidae,Papilioninae,Papilionini,Papilio,Menelaides,helenus ,enganius,M,"Moonen, J.J.M.",2016/08/03,
1276701,Papilionidae,Papilioninae,Papilionini,Papilio,Achillides,peranthus,peranthus,M,"Moonen, J.J.M.",2016/08/03,
1276702,Papilionidae,Papilioninae,Leptocircini,Graphium,Graphium,adonarensis,lycianus,M,"Moonen, J.J.M.",2016/08/03,
1276703,Papilionidae,Papilioninae,Papilionini,Papilio,Menelaides,memnon,memnon,M,"Moonen, J.J.M.",2016/08/03,
1276704,Papilionidae,Papilioninae,Papilionini,Papilio,Menelaides,demolion,demolion,M,"Moonen, J.J.M.",2016/08/03,
1276705,Papilionidae,Papilioninae,Papilionini,Papilio,Menelaides,polytes,javanus,F,"Moonen, J.J.M.",2016/08/03,
1276706,Papilionidae,Papilioninae,Papilionini,Papilio,Menelaides,helenus ,enganius,M,"Moonen, J.J.M.",2016/08/03,
1276707,Papilionidae,Papilioninae,Papilionini,Papilio,Menelaides,polytes,javanus,F,"Moonen, J.J.M.",2016/08/03,
1276708,Papilionidae,Papilioninae,Papilionini,Papilio,Achillides,paris,gedeensis,M,"Moonen, J.J.M.",2016/08/03,
1276709,Papilionidae,Papilioninae,Papilionini,Papilio,Menelaides,memnon,memnon,M,"Moonen, J.J.M.",2016/08/03,
1276710,Papilionidae,Papilioninae,Leptocircini,Graphium,Graphium,adonarensis,lycianus,M,"Moonen, J.J.M.",2016/08/03,
1276711,Papilionidae,Papilioninae,Papilionini,Papilio,Menelaides,demolion,demolion,F,"Moonen, J.J.M.",2016/08/03,
1276712,Papilionidae,Papilioninae,Leptocircini,Graphium,Graphium,adonarensis,lycianus,M,"Moonen, J.J.M.",2016/08/03,
1276713,Papilionidae,Papilioninae,Troidini,Atrophaneura,Losaria,coon,coon,F,"Moonen, J.J.M.",2016/08/03,
1276714,Papilionidae,Papilioninae,Troidini,Atrophaneura,Losaria,coon,coon,M,"Moonen, J.J.M.",2016/08/03,
1276715,Papilionidae,Papilioninae,Leptocircini,Graphium,Graphium,adonarensis,lycianus,F,"Moonen, J.J.M.",2016/08/03,
1276716,Papilionidae,Papilioninae,Leptocircini,Graphium,Graphium,adonarensis,lycianus,F,"Moonen, J.J.M.",2016/08/03,
1276717,Papilionidae,Papilioninae,Papilionini,Papilio,Menelaides,memnon,memnon,F,"Moonen, J.J.M.",2016/08/03,
1276718,Papilionidae,Papilioninae,Leptocircini,Graphium,Graphium,adonarensis,lycianus,M,"Moonen, J.J.M.",2016/08/03,
1276719,Papilionidae,Papilioninae,Papilionini,Papilio,Achillides,paris,gedeensis,M,"Moonen, J.J.M.",2016/08/03,
1276720,Papilionidae,Papilioninae,Papilionini,Papilio,Menelaides,memnon,memnon,M,"Moonen, J.J.M.",2016/08/03,
1276721,Papilionidae,Papilioninae,Papilionini,Papilio,Menelaides,polytes,javanus,F,"Moonen, J.J.M.",2016/08/03,
1276722,Papilionidae,Papilioninae,Papilionini,Papilio,Menelaides,demolion,demolion,M,"Moonen, J.J.M.",2016/08/03,
1276723,Papilionidae,Papilioninae,Leptocircini,Graphium,Graphium,adonarensis,lycianus,M,"Moonen, J.J.M.",2016/08/03,
1276724,Papilionidae,Papilioninae,Papilionini,Papilio,Achillides,paris,gedeensis,M,"Moonen, J.J.M.",2016/08/03,
1276725,Papilionidae,Papilioninae,Papilionini,Papilio,Menelaides,polytes,javanus,F,"Moonen, J.J.M.",2016/08/03,
1276726,Papilionidae,Papilioninae,Papilionini,Papilio,Menelaides,demolion,demolion,F,"Moonen, J.J.M.",2016/08/03,
1276727,Papilionidae,Papilioninae,Papilionini,Papilio,Menelaides,demolion,demolion,F,"Moonen, J.J.M.",2016/08/03,
1276728,Papilionidae,Papilioninae,Papilionini,Papilio,Menelaides,demolion,demolion,F,"Moonen, J.J.M.",2016/08/03,
1276729,Papilionidae,Papilioninae,Papilionini,Papilio,Menelaides,demolion,demolion,M,"Moonen, J.J.M.",2016/08/03,
1276730,Papilionidae,Papilioninae,Papilionini,Papilio,Menelaides,polytes,javanus,F,"Moonen, J.J.M.",2016/08/03,
1276731,Papilionidae,Papilioninae,Papilionini,Papilio,Achillides,paris,gedeensis,M,"Moonen, J.J.M.",2016/08/03,
1276732,Papilionidae,Papilioninae,Papilionini,Papilio,Menelaides,demolion,demolion,M,"Moonen, J.J.M.",2016/08/03,
1276733,Papilionidae,Papilioninae,Papilionini,Papilio,Menelaides,memnon,memnon,M,"Moonen, J.J.M.",2016/08/03,
1276734,Papilionidae,Papilioninae,Leptocircini,Graphium,Graphium,adonarensis,lycianus,M,"Moonen, J.J.M.",2016/08/03,
1276735,Papilionidae,Papilioninae,Papilionini,Papilio,Menelaides,demolion,demolion,M,"Moonen, J.J.M.",2016/08/03,
1276736,Papilionidae,Papilioninae,Papilionini,Papilio,Menelaides,demolion,demolion,M,"Moonen, J.J.M.",2016/08/03,
1276737,Papilionidae,Papilioninae,Leptocircini,Graphium,Graphium,adonarensis,lycianus,M,"Moonen, J.J.M.",2016/08/03,
1276738,Papilionidae,Papilioninae,Papilionini,Papilio,Menelaides,polytes,javanus,F,"Moonen, J.J.M.",2016/08/03,
1276739,Papilionidae,Papilioninae,Papilionini,Papilio,Menelaides,helenus ,enganius,M,"Moonen, J.J.M.",2016/08/03,
1276740,Papilionidae,Papilioninae,Papilionini,Papilio,Menelaides,helenus ,enganius,M,"Moonen, J.J.M.",2016/08/03,
1276741,Papilionidae,Papilioninae,Papilionini,Papilio,Achillides,paris,gedeensis,M,"Moonen, J.J.M.",2016/08/03,
1276742,Papilionidae,Papilioninae,Papilionini,Papilio,Menelaides,polytes,javanus,F,"Moonen, J.J.M.",2016/08/03,
1276743,Papilionidae,Papilioninae,Papilionini,Papilio,Achillides,paris,gedeensis,M,"Moonen, J.J.M.",2016/08/03,
1276744,Papilionidae,Papilioninae,Papilionini,Papilio,Menelaides,demolion,demolion,M,"Moonen, J.J.M.",2016/08/03,
1276745,Papilionidae,Papilioninae,Leptocircini,Graphium,Graphium,agamemnon,agamemnon,M,"Moonen, J.J.M.",2016/08/03,
1276746,Papilionidae,Papilioninae,Papilionini,Papilio,Menelaides,helenus ,enganius,M,"Moonen, J.J.M.",2016/08/03,
1276747,Papilionidae,Papilioninae,Leptocircini,Graphium,Graphium,adonarensis,lycianus,M,"Moonen, J.J.M.",2016/08/03,
1276748,Papilionidae,Papilioninae,Troidini,Atrophaneura,Losaria,coon,coon,M,"Moonen, J.J.M.",2016/08/03,
1276749,Papilionidae,Papilioninae,Papilionini,Papilio,Menelaides,demolion,demolion,M,"Moonen, J.J.M.",2016/08/03,
1276750,Papilionidae,Papilioninae,Papilionini,Papilio,Menelaides,polytes,javanus,M,"Moonen, J.J.M.",2016/01/04,
1276751,Papilionidae,Papilioninae,Papilionini,Papilio,Achillides,paris,gedeensis,M,"Moonen, J.J.M.",2016/01/04,
1276752,Papilionidae,Papilioninae,Papilionini,Papilio,Achillides,paris,gedeensis,M,"Moonen, J.J.M.",2016/01/04,
1276753,Papilionidae,Papilioninae,Papilionini,Papilio,Achillides,paris,gedeensis,M,"Moonen, J.J.M.",2016/01/04,
1276754,Papilionidae,Papilioninae,Papilionini,Papilio,Achillides,paris,gedeensis,M,"Moonen, J.J.M.",2016/01/04,
1276755,Papilionidae,Papilioninae,Leptocircini,Graphium,Graphium,bathycles ,bathycles,M,"Moonen, J.J.M.",2016/01/04,
1276756,Papilionidae,Papilioninae,Papilionini,Papilio,Achillides,paris,gedeensis,M,"Moonen, J.J.M.",2016/01/04,
1276757,Papilionidae,Papilioninae,Papilionini,Papilio,Menelaides,helenus ,enganius,M,"Moonen, J.J.M.",2016/01/04,
1276758,Papilionidae,Papilioninae,Leptocircini,Lamproptera,,curius,curius,M,"Moonen, J.J.M.",2016/01/04,
1276759,Papilionidae,Papilioninae,Leptocircini,Graphium,Pathysa,antiphates,javanicus,M,"Moonen, J.J.M.",2016/01/04,
1276760,Papilionidae,Papilioninae,Troidini,Atrophaneura,Losaria,coon,coon,F,"Moonen, J.J.M.",2016/01/04,
1276761,Papilionidae,Papilioninae,Papilionini,Papilio,Menelaides,helenus ,enganius,M,"Moonen, J.J.M.",2016/01/04,
1276762,Papilionidae,Papilioninae,Papilionini,Papilio,Menelaides,demolion,demolion,M,"Moonen, J.J.M.",2016/01/04,
1276763,Papilionidae,Papilioninae,Leptocircini,Lamproptera,,curius,curius,M,"Moonen, J.J.M.",2016/01/04,
1276764,Papilionidae,Papilioninae,Troidini,Troides,Troides,helena,helena,M,"Moonen, J.J.M.",2016/01/04,
1276765,Papilionidae,Papilioninae,Leptocircini,Graphium,Graphium,adonarensis,lycianus,M,"Moonen, J.J.M.",2016/01/04,
1276766,Papilionidae,Papilioninae,Leptocircini,Graphium,Graphium,adonarensis,lycianus,M,"Moonen, J.J.M.",2016/01/04,
1276767,Papilionidae,Papilioninae,Troidini,Troides,Troides,amphrysus,amphrysus,M,"Moonen, J.J.M.",2016/01/04,
1276768,Papilionidae,Papilioninae,Troidini,Troides,Troides,helena,helena,M,"Moonen, J.J.M.",2016/01/04,
1276769,Papilionidae,Papilioninae,Troidini,Atrophaneura,Atrophaneura,priapus,priapus,F,"Moonen, J.J.M.",2016/01/04,
1276770,Papilionidae,Papilioninae,Troidini,Troides,Troides,helena,helena,M,"Moonen, J.J.M.",2016/01/04,
1276771,Papilionidae,Papilioninae,Troidini,Troides,Troides,amphrysus,amphrysus,M,"Moonen, J.J.M.",2016/01/04,
1276772,Papilionidae,Papilioninae,Troidini,Pachliopta,,adamas,adamas,M,"Moonen, J.J.M.",2016/01/04,
1276773,Papilionidae,Papilioninae,Troidini,Pachliopta,,adamas,adamas,F,"Moonen, J.J.M.",2016/01/04,
1276774,Papilionidae,Papilioninae,Papilionini,Papilio,Achillides,peranthus,peranthus,M,"Moonen, J.J.M.",2016/01/04,
1276775,Papilionidae,Papilioninae,Papilionini,Papilio,Menelaides,polytes,javanus,F,"Moonen, J.J.M.",2016/01/04,
1276776,Papilionidae,Papilioninae,Papilionini,Papilio,Menelaides,demolion,demolion,M,"Moonen, J.J.M.",2016/01/04,
1276777,Papilionidae,Papilioninae,Papilionini,Papilio,Menelaides,demolion,demolion,M,"Moonen, J.J.M.",2016/01/04,
1276778,Papilionidae,Papilioninae,Papilionini,Papilio,Menelaides,helenus ,enganius,M,"Moonen, J.J.M.",2016/01/04,
1276779,Papilionidae,Papilioninae,Troidini,Atrophaneura,Losaria,coon,coon,M,"Moonen, J.J.M.",2016/01/04,
1276780,Papilionidae,Papilioninae,Leptocircini,Graphium,Graphium,agamemnon,agamemnon,F,"Moonen, J.J.M.",2016/01/04,
1276781,Papilionidae,Papilioninae,Papilionini,Papilio,Menelaides,nephelus,nephelus,M,"Moonen, J.J.M.",2016/01/04,
1276782,Papilionidae,Papilioninae,Papilionini,Papilio,Menelaides,nephelus,nephelus,M,"Moonen, J.J.M.",2016/01/04,
1276783,Papilionidae,Papilioninae,Papilionini,Papilio,Achillides,peranthus,peranthus,M,"Moonen, J.J.M.",2016/01/04,
1276784,Papilionidae,Papilioninae,Leptocircini,Graphium,Pathysa,antiphates,javanicus,M,"Moonen, J.J.M.",2016/01/04,
1276785,Papilionidae,Papilioninae,Papilionini,Papilio,Menelaides,nephelus,nephelus,M,"Moonen, J.J.M.",2016/01/04,
1276786,Papilionidae,Papilioninae,Troidini,Pachliopta,,adamas,adamas,M,"Moonen, J.J.M.",2016/01/04,
1276787,Papilionidae,Papilioninae,Troidini,Pachliopta,,adamas,adamas,M,"Moonen, J.J.M.",2016/01/04,
1276788,Papilionidae,Papilioninae,Troidini,Atrophaneura,Losaria,coon,coon,M,"Moonen, J.J.M.",2016/01/04,
1276789,Papilionidae,Papilioninae,Troidini,Pachliopta,,adamas,adamas,M,"Moonen, J.J.M.",2016/01/04,
1276790,Papilionidae,Papilioninae,Troidini,Pachliopta,,adamas,adamas,M,"Moonen, J.J.M.",2016/01/04,
1276791,Papilionidae,Papilioninae,Troidini,Atrophaneura,Atrophaneura,nox,nox,F,"Moonen, J.J.M.",2016/01/04,
1276792,Papilionidae,Papilioninae,Leptocircini,Graphium,Graphium,adonarensis,lycianus,M,"Moonen, J.J.M.",2016/01/04,
1276793,Papilionidae,Papilioninae,Papilionini,Papilio,Menelaides,polytes,javanus,M,"Moonen, J.J.M.",2016/01/04,
1276794,Papilionidae,Papilioninae,Troidini,Atrophaneura,Losaria,coon,coon,M,"Moonen, J.J.M.",2016/01/04,
1276795,Papilionidae,Papilioninae,Leptocircini,Graphium,Graphium,adonarensis,lycianus,M,"Moonen, J.J.M.",2016/01/04,
1276796,Papilionidae,Papilioninae,Leptocircini,Lamproptera,,curius,curius,M,"Moonen, J.J.M.",2016/01/04,
1276797,Papilionidae,Papilioninae,Leptocircini,Graphium,Pathysa,antiphates,javanicus,M,"Moonen, J.J.M.",2016/01/04,
1276798,Papilionidae,Papilioninae,Papilionini,Papilio,Achillides,peranthus,peranthus,M,"Moonen, J.J.M.",2016/01/04,
1276799,Papilionidae,Papilioninae,Papilionini,Papilio,Achillides,peranthus,peranthus,M,"Moonen, J.J.M.",2016/01/04,
1276800,Papilionidae,Papilioninae,Troidini,Troides,Troides,helena,helena,M,"Moonen, J.J.M.",2016/01/04,
1276801,Papilionidae,Papilioninae,Papilionini,Papilio,Achillides,peranthus,peranthus,M,"Moonen, J.J.M.",2016/01/04,
1276802,Papilionidae,Papilioninae,Troidini,Troides,Troides,helena,helena,M,"Moonen, J.J.M.",2016/01/04,
1276803,Papilionidae,Papilioninae,Troidini,Atrophaneura,Atrophaneura,nox,nox,F,"Moonen, J.J.M.",2016/01/04,
1276804,Papilionidae,Papilioninae,Papilionini,Papilio,Achillides,paris,gedeensis,M,"Moonen, J.J.M.",2016/01/04,
1276805,Papilionidae,Papilioninae,Papilionini,Papilio,Achillides,peranthus,peranthus,M,"Moonen, J.J.M.",2016/01/04,
1276806,Papilionidae,Papilioninae,Leptocircini,Lamproptera,,curius,curius,M,"Moonen, J.J.M.",2016/01/04,
1276807,Papilionidae,Papilioninae,Papilionini,Papilio,Menelaides,memnon,memnon,F,"Moonen, J.J.M.",2016/01/04,
1276808,Papilionidae,Papilioninae,Troidini,Atrophaneura,Losaria,coon,coon,M,"Moonen, J.J.M.",2016/01/04,
1276809,Papilionidae,Papilioninae,Troidini,Pachliopta,,adamas,adamas,M,"Moonen, J.J.M.",2016/01/04,
1276810,Papilionidae,Papilioninae,Troidini,Atrophaneura,Losaria,coon,coon,M,"Moonen, J.J.M.",2016/01/04,
1276811,Papilionidae,Papilioninae,Leptocircini,Graphium,Graphium,adonarensis,lycianus,M,"Moonen, J.J.M.",2016/01/04,
1276812,Papilionidae,Papilioninae,Leptocircini,Graphium,Graphium,adonarensis,lycianus,M,"Moonen, J.J.M.",2016/01/04,
1276813,Papilionidae,Papilioninae,Leptocircini,Lamproptera,,curius,curius,M,"Moonen, J.J.M.",2016/01/04,
1276814,Papilionidae,Papilioninae,Troidini,Troides,Troides,amphrysus,amphrysus,M,"Moonen, J.J.M.",2016/01/04,
1276815,Papilionidae,Papilioninae,Papilionini,Papilio,Menelaides,memnon,memnon,M,"Moonen, J.J.M.",2016/01/04,
1276816,Papilionidae,Papilioninae,Leptocircini,Graphium,Graphium,adonarensis,lycianus,M,"Moonen, J.J.M.",2016/01/04,
1276817,Papilionidae,Papilioninae,Leptocircini,Graphium,Graphium,adonarensis,lycianus,M,"Moonen, J.J.M.",2016/01/04,
1276818,Papilionidae,Papilioninae,Leptocircini,Graphium,Graphium,adonarensis,lycianus,M,"Moonen, J.J.M.",2016/01/04,
1276819,Papilionidae,Papilioninae,Leptocircini,Graphium,Graphium,adonarensis,lycianus,M,"Moonen, J.J.M.",2016/01/04,
1276820,Papilionidae,Papilioninae,Leptocircini,Graphium,Graphium,adonarensis,lycianus,M,"Moonen, J.J.M.",2016/01/04,
1276821,Papilionidae,Papilioninae,Papilionini,Papilio,Menelaides,memnon,memnon,F,"Moonen, J.J.M.",2016/01/04,
1276882,Papilionidae,Papilioninae,Papilionini,Papilio,Menelaides,demolion,demolion,F,"Moonen, J.J.M.",2016/01/04,
1276883,Papilionidae,Papilioninae,Papilionini,Papilio,Menelaides,demolion,demolion,M,"Moonen, J.J.M.",2016/01/04,
1276884,Papilionidae,Papilioninae,Leptocircini,Graphium,Graphium,adonarensis,lycianus,M,"Moonen, J.J.M.",2016/01/04,
1276885,Papilionidae,Papilioninae,Papilionini,Papilio,Menelaides,helenus ,enganius,M,"Moonen, J.J.M.",2016/01/04,
1276886,Papilionidae,Papilioninae,Papilionini,Papilio,Menelaides,memnon,memnon,M,"Moonen, J.J.M.",2016/01/04,r.bwing is shorter
1276887,Papilionidae,Papilioninae,Troidini,Atrophaneura,Losaria,coon,coon,M,"Moonen, J.J.M.",2016/01/04,
1276888,Papilionidae,Papilioninae,Papilionini,Papilio,Menelaides,memnon,memnon,M,"Moonen, J.J.M.",2016/01/04,
1276889,Papilionidae,Papilioninae,Papilionini,Papilio,Achillides,paris,gedeensis,M,"Moonen, J.J.M.",2016/01/04,
1276890,Papilionidae,Papilioninae,Leptocircini,Graphium,Graphium,adonarensis,lycianus,F,"Moonen, J.J.M.",2016/01/04,
1276891,Papilionidae,Papilioninae,Papilionini,Papilio,Achillides,paris,gedeensis,M,"Moonen, J.J.M.",2016/01/04,
1276892,Papilionidae,Papilioninae,Leptocircini,Graphium,Graphium,adonarensis,lycianus,M,"Moonen, J.J.M.",2016/01/04,
1276893,Papilionidae,Papilioninae,Papilionini,Papilio,Menelaides,memnon,memnon,F,"Moonen, J.J.M.",2016/01/04,
1276894,Papilionidae,Papilioninae,Leptocircini,Graphium,Graphium,adonarensis,lycianus,M,"Moonen, J.J.M.",2016/01/04,
1276895,Papilionidae,Papilioninae,Leptocircini,Graphium,Graphium,adonarensis,lycianus,M,"Moonen, J.J.M.",2016/01/04,
1276896,Papilionidae,Papilioninae,Papilionini,Papilio,Menelaides,polytes,javanus,M,"Moonen, J.J.M.",2016/01/04,
1276897,Papilionidae,Papilioninae,Papilionini,Papilio,Menelaides,demolion,demolion,M,"Moonen, J.J.M.",2016/01/04,
1276898,Papilionidae,Papilioninae,Leptocircini,Graphium,Graphium,adonarensis,lycianus,M,"Moonen, J.J.M.",2016/01/04,
1276899,Papilionidae,Papilioninae,Papilionini,Papilio,Achillides,paris,gedeensis,M,"Moonen, J.J.M.",2016/01/04,
1276900,Papilionidae,Papilioninae,Troidini,Atrophaneura,Losaria,coon,coon,F,"Moonen, J.J.M.",2016/01/04,
1276901,Papilionidae,Papilioninae,Papilionini,Papilio,Menelaides,memnon,memnon,M,"Moonen, J.J.M.",2016/01/04,
1276902,Papilionidae,Papilioninae,Papilionini,Papilio,Menelaides,polytes,javanus,M,"Moonen, J.J.M.",2016/01/04,
1276903,Papilionidae,Papilioninae,Leptocircini,Graphium,Graphium,adonarensis,lycianus,M,"Moonen, J.J.M.",2016/01/04,
1276904,Papilionidae,Papilioninae,Papilionini,Papilio,Menelaides,helenus ,enganius,M,"Moonen, J.J.M.",2016/01/04,
1276905,Papilionidae,Papilioninae,Papilionini,Papilio,Menelaides,helenus ,enganius,M,"Moonen, J.J.M.",2016/01/04,
1276906,Papilionidae,Papilioninae,Troidini,Atrophaneura,Losaria,coon,coon,M,"Moonen, J.J.M.",2016/01/04,
1276907,Papilionidae,Papilioninae,Troidini,Atrophaneura,Losaria,coon,coon,F,"Moonen, J.J.M.",2016/01/04,
1276908,Papilionidae,Papilioninae,Papilionini,Papilio,Menelaides,helenus ,enganius,M,"Moonen, J.J.M.",2016/01/04,
1276909,Papilionidae,Papilioninae,Papilionini,Papilio,Menelaides,helenus ,enganius,M,"Moonen, J.J.M.",2016/01/04,
1276910,Papilionidae,Papilioninae,Papilionini,Papilio,Menelaides,memnon,memnon,M,"Moonen, J.J.M.",2016/01/04,
1276911,Papilionidae,Papilioninae,Papilionini,Papilio,Menelaides,helenus ,enganius,M,"Moonen, J.J.M.",2016/01/04,
1276912,Papilionidae,Papilioninae,Leptocircini,Graphium,Graphium,agamemnon,agamemnon,F,"Moonen, J.J.M.",2016/01/04,
1276913,Papilionidae,Papilioninae,Leptocircini,Graphium,Graphium,eurypylus,daton,M,"Moonen, J.J.M.",2016/01/04,
1276914,Papilionidae,Papilioninae,Papilionini,Papilio,Menelaides,demolion,demolion,M,"Moonen, J.J.M.",2016/01/04,
1276915,Papilionidae,Papilioninae,Papilionini,Papilio,Achillides,paris,gedeensis,M,"Moonen, J.J.M.",2016/01/04,
1276916,Papilionidae,Papilioninae,Papilionini,Papilio,Menelaides,polytes,javanus,M,"Moonen, J.J.M.",2016/01/04,
1276917,Papilionidae,Papilioninae,Papilionini,Papilio,Menelaides,demolion,demolion,F,"Moonen, J.J.M.",2016/01/04,
1276918,Papilionidae,Papilioninae,Papilionini,Papilio,Achillides,paris,gedeensis,M,"Moonen, J.J.M.",2016/01/04,
1276919,Papilionidae,Papilioninae,Papilionini,Papilio,Menelaides,polytes,javanus,F,"Moonen, J.J.M.",2016/01/04,
1276920,Papilionidae,Papilioninae,Papilionini,Papilio,Menelaides,demolion,demolion,M,"Moonen, J.J.M.",2016/01/04,
1276921,Papilionidae,Papilioninae,Leptocircini,Graphium,Graphium,adonarensis,lycianus,M,"Moonen, J.J.M.",2016/01/04,incl. 'pupa case' of a fly!
1276922,Papilionidae,Papilioninae,Papilionini,Papilio,Menelaides,memnon,memnon,M,"Moonen, J.J.M.",2016/01/04,
1276923,Papilionidae,Papilioninae,Papilionini,Papilio,Menelaides,polytes,javanus,M,"Moonen, J.J.M.",2016/01/04,
1276924,Papilionidae,Papilioninae,Papilionini,Papilio,Achillides,paris,gedeensis,M,"Moonen, J.J.M.",2016/01/04,
1276925,Papilionidae,Papilioninae,Papilionini,Papilio,Menelaides,memnon,memnon,F,"Moonen, J.J.M.",2016/01/04,
1276926,Papilionidae,Papilioninae,Papilionini,Papilio,Menelaides,polytes,javanus,M,"Moonen, J.J.M.",2016/01/04,
1276927,Papilionidae,Papilioninae,Papilionini,Papilio,Menelaides,demolion,demolion,M,"Moonen, J.J.M.",2016/01/04,
1276928,Papilionidae,Papilioninae,Troidini,Atrophaneura,Losaria,coon,coon,M,"Moonen, J.J.M.",2016/01/04,
1276929,Papilionidae,Papilioninae,Papilionini,Papilio,Menelaides,demolion,demolion,F,"Moonen, J.J.M.",2016/01/04,
1276930,Papilionidae,Papilioninae,Papilionini,Papilio,Menelaides,demolion,demolion,M,"Moonen, J.J.M.",2016/01/04,
1276931,Papilionidae,Papilioninae,Papilionini,Papilio,Menelaides,helenus ,enganius,M,"Moonen, J.J.M.",2016/01/04,
1276932,Papilionidae,Papilioninae,Papilionini,Papilio,Menelaides,demolion,demolion,M,"Moonen, J.J.M.",2016/01/04,
1276933,Papilionidae,Papilioninae,Papilionini,Papilio,Menelaides,helenus ,enganius,M,"Moonen, J.J.M.",2016/01/04,
1276934,Papilionidae,Papilioninae,Papilionini,Papilio,Menelaides,memnon,memnon,M,"Moonen, J.J.M.",2016/01/04,
1276935,Papilionidae,Papilioninae,Papilionini,Papilio,Menelaides,demolion,demolion,M,"Moonen, J.J.M.",2016/01/04,
1276936,Papilionidae,Papilioninae,Papilionini,Papilio,Achillides,paris,gedeensis,M,"Moonen, J.J.M.",2016/01/04,
1276937,Papilionidae,Papilioninae,Leptocircini,Graphium,Graphium,adonarensis,lycianus,M,"Moonen, J.J.M.",2016/01/04,
1276938,Papilionidae,Papilioninae,Papilionini,Papilio,Achillides,paris,gedeensis,M,"Moonen, J.J.M.",2016/01/04,
1276939,Papilionidae,Papilioninae,Papilionini,Papilio,Achillides,paris,gedeensis,M,"Moonen, J.J.M.",2016/01/04,
1276940,Papilionidae,Papilioninae,Papilionini,Papilio,Achillides,paris,gedeensis,M,"Moonen, J.J.M.",2016/01/04,
1276941,Papilionidae,Papilioninae,Troidini,Atrophaneura,Losaria,coon,coon,M,"Moonen, J.J.M.",2016/01/04,
1276942,Papilionidae,Papilioninae,Papilionini,Papilio,Menelaides,memnon,memnon,M,"Moonen, J.J.M.",2016/01/04,
1276943,Papilionidae,Papilioninae,Papilionini,Papilio,Menelaides,helenus ,enganius,M,"Moonen, J.J.M.",2016/01/04,
1276944,Papilionidae,Papilioninae,Leptocircini,Graphium,Graphium,adonarensis,lycianus,M,"Moonen, J.J.M.",2016/01/04,
1276945,Papilionidae,Papilioninae,Papilionini,Papilio,Menelaides,demolion,demolion,M,"Moonen, J.J.M.",2016/01/04,
1276946,Papilionidae,Papilioninae,Papilionini,Papilio,Menelaides,memnon,memnon,M,"Moonen, J.J.M.",2016/01/04,
1276947,Papilionidae,Papilioninae,Papilionini,Papilio,Menelaides,memnon,memnon,M,"Moonen, J.J.M.",2016/01/04,
1276948,Papilionidae,Papilioninae,Papilionini,Papilio,Menelaides,demolion,demolion,M,"Moonen, J.J.M.",2016/01/04,
1276949,Papilionidae,Papilioninae,Papilionini,Papilio,Achillides,paris,gedeensis,M,"Moonen, J.J.M.",2016/01/04,
1276950,Papilionidae,Papilioninae,Papilionini,Papilio,Menelaides,demolion,demolion,M,"Moonen, J.J.M.",2016/01/04,
1276951,Nymphalidae,Danainae,Danaini,Ideopsis,,vulgaris,, ,"Moonen, J.J.M.",2016/01/04,
1276952,Papilionidae,Papilioninae,Papilionini,Papilio,Menelaides,memnon,memnon,M,"Moonen, J.J.M.",2016/01/04,
1276953,Papilionidae,Papilioninae,Papilionini,Papilio,Menelaides,memnon,memnon,M,"Moonen, J.J.M.",2016/01/04,
1276954,Papilionidae,Papilioninae,Papilionini,Papilio,Menelaides,helenus ,enganius,M,"Moonen, J.J.M.",2016/01/04,
1276955,Papilionidae,Papilioninae,Papilionini,Papilio,Menelaides,helenus ,enganius,M,"Moonen, J.J.M.",2016/01/04,
1276956,Papilionidae,Papilioninae,Papilionini,Papilio,Menelaides,helenus ,enganius,M,"Moonen, J.J.M.",2016/01/04,
1276957,Papilionidae,Papilioninae,Papilionini,Papilio,Menelaides,memnon,memnon,F,"Moonen, J.J.M.",2016/01/04,
1276958,Papilionidae,Papilioninae,Papilionini,Papilio,Menelaides,memnon,memnon,F,"Moonen, J.J.M.",2016/01/04,
1276959,Papilionidae,Papilioninae,Papilionini,Papilio,Menelaides,polytes,javanus,M,"Moonen, J.J.M.",2016/01/04,
1276960,Papilionidae,Papilioninae,Papilionini,Papilio,Menelaides,helenus ,enganius,M,"Moonen, J.J.M.",2016/01/04,
1276961,Papilionidae,Papilioninae,Papilionini,Papilio,Menelaides,polytes,javanus,F,"Moonen, J.J.M.",2016/01/04,
1276962,Papilionidae,Papilioninae,Troidini,Atrophaneura,Losaria,coon,coon,M,"Moonen, J.J.M.",2016/01/04,
1276963,Papilionidae,Papilioninae,Papilionini,Papilio,Menelaides,helenus ,enganius,M,"Moonen, J.J.M.",2016/01/04,
1276964,Papilionidae,Papilioninae,Papilionini,Papilio,Menelaides,helenus ,enganius,M,"Moonen, J.J.M.",2016/01/04,
1276965,Papilionidae,Papilioninae,Papilionini,Papilio,Menelaides,demolion,demolion,F,"Moonen, J.J.M.",2016/01/04,
1276966,Papilionidae,Papilioninae,Leptocircini,Graphium,Graphium,adonarensis,lycianus,M,"Moonen, J.J.M.",2016/01/04,
1276967,Papilionidae,Papilioninae,Papilionini,Papilio,Menelaides,helenus ,enganius,M,"Moonen, J.J.M.",2016/01/04,
1276968,Papilionidae,Papilioninae,Leptocircini,Graphium,Graphium,adonarensis,lycianus,M,"Moonen, J.J.M.",2016/01/04,
1276969,Papilionidae,Papilioninae,Papilionini,Papilio,Menelaides,demolion,demolion,M,"Moonen, J.J.M.",2016/01/04,
1276970,Papilionidae,Papilioninae,Papilionini,Papilio,Menelaides,demolion,demolion,M,"Moonen, J.J.M.",2016/01/04,
1276971,Papilionidae,Papilioninae,Papilionini,Papilio,Menelaides,memnon,memnon,M,"Moonen, J.J.M.",2016/01/04,
1276972,Papilionidae,Papilioninae,Papilionini,Papilio,Menelaides,helenus ,enganius,M,"Moonen, J.J.M.",2016/01/04,
1276973,Papilionidae,Papilioninae,Papilionini,Papilio,Achillides,paris,gedeensis,M,"Moonen, J.J.M.",2016/01/04,
1276974,Papilionidae,Papilioninae,Troidini,Atrophaneura,Losaria,coon,coon,M,"Moonen, J.J.M.",2016/01/04,
1276975,Papilionidae,Papilioninae,Papilionini,Papilio,Menelaides,memnon,memnon,M,"Moonen, J.J.M.",2016/01/04,
1276976,Papilionidae,Papilioninae,Papilionini,Papilio,Menelaides,demolion,demolion,M,"Moonen, J.J.M.",2016/01/04,
1276977,Papilionidae,Papilioninae,Papilionini,Papilio,Menelaides,helenus ,enganius,M,"Moonen, J.J.M.",2016/01/04,
1276978,Papilionidae,Papilioninae,Leptocircini,Graphium,Graphium,adonarensis,lycianus,M,"Moonen, J.J.M.",2016/01/04,
1276979,Papilionidae,Papilioninae,Papilionini,Papilio,Menelaides,polytes,javanus,M,"Moonen, J.J.M.",2016/01/04,
1276980,Papilionidae,Papilioninae,Leptocircini,Graphium,Graphium,adonarensis,lycianus,M,"Moonen, J.J.M.",2016/01/04,
1276981,Papilionidae,Papilioninae,Leptocircini,Graphium,Graphium,adonarensis,lycianus,M,"Moonen, J.J.M.",2016/01/04,
1276982,Papilionidae,Papilioninae,Leptocircini,Graphium,Graphium,adonarensis,lycianus,M,"Moonen, J.J.M.",2016/01/04,
1276983,Papilionidae,Papilioninae,Papilionini,Papilio,Menelaides,demolion,demolion,F,"Moonen, J.J.M.",2016/01/04,
1276984,Papilionidae,Papilioninae,Leptocircini,Graphium,Graphium,adonarensis,lycianus,M,"Moonen, J.J.M.",2016/01/04,
1276985,Papilionidae,Papilioninae,Papilionini,Papilio,Menelaides,helenus ,enganius,M,"Moonen, J.J.M.",2016/01/04,
1276986,Papilionidae,Papilioninae,Papilionini,Papilio,Menelaides,polytes,javanus,M,"Moonen, J.J.M.",2016/01/04,
1276987,Papilionidae,Papilioninae,Papilionini,Papilio,Menelaides,helenus ,enganius,M,"Moonen, J.J.M.",2016/01/04,
1276988,Papilionidae,Papilioninae,Papilionini,Papilio,Menelaides,memnon,memnon,M,"Moonen, J.J.M.",2016/01/04,
1276989,Papilionidae,Papilioninae,Papilionini,Papilio,Achillides,paris,gedeensis,M,"Moonen, J.J.M.",2016/01/04,
1276990,Papilionidae,Papilioninae,Papilionini,Papilio,Achillides,paris,gedeensis,M,"Moonen, J.J.M.",2016/01/04,
1276991,Papilionidae,Papilioninae,Papilionini,Papilio,Menelaides,polytes,javanus,M,"Moonen, J.J.M.",2016/01/04,
1276992,Papilionidae,Papilioninae,Papilionini,Papilio,Menelaides,helenus ,enganius,M,"Moonen, J.J.M.",2016/01/04,
1276993,Papilionidae,Papilioninae,Leptocircini,Graphium,Graphium,agamemnon,agamemnon,F,"Moonen, J.J.M.",2016/01/04,
1276994,Papilionidae,Papilioninae,Leptocircini,Graphium,Graphium,adonarensis,lycianus,M,"Moonen, J.J.M.",2016/01/04,
1276995,Papilionidae,Papilioninae,Papilionini,Papilio,Menelaides,helenus ,enganius,M,"Moonen, J.J.M.",2016/01/04,
1276996,Papilionidae,Papilioninae,Papilionini,Papilio,Menelaides,demolion,demolion,M,"Moonen, J.J.M.",2016/01/04,
1276997,Papilionidae,Papilioninae,Papilionini,Papilio,Menelaides,memnon,memnon,M,"Moonen, J.J.M.",2016/01/04,
1276998,Papilionidae,Papilioninae,Papilionini,Papilio,Achillides,paris,gedeensis,M,"Moonen, J.J.M.",2016/01/04,
1276999,Papilionidae,Papilioninae,Papilionini,Papilio,Menelaides,memnon,memnon,M,"Moonen, J.J.M.",2016/01/04,
1277000,Papilionidae,Papilioninae,Papilionini,Papilio,Menelaides,polytes,javanus,M,"Moonen, J.J.M.",2016/01/04,
1277001,Papilionidae,Papilioninae,Papilionini,Papilio,Achillides,paris,gedeensis,M,"Moonen, J.J.M.",2016/02/04,
1277002,Papilionidae,Papilioninae,Leptocircini,Graphium,Graphium,agamemnon,agamemnon,M,"Moonen, J.J.M.",2016/02/04,
1277003,Papilionidae,Papilioninae,Papilionini,Papilio,Menelaides,memnon,memnon,M,"Moonen, J.J.M.",2016/02/04,
1277004,Papilionidae,Papilioninae,Leptocircini,Graphium,Graphium,adonarensis,lycianus,M,"Moonen, J.J.M.",2016/02/04,
1277005,Papilionidae,Papilioninae,Leptocircini,Graphium,Graphium,agamemnon,agamemnon,M,"Moonen, J.J.M.",2016/02/04,
1277006,Papilionidae,Papilioninae,Papilionini,Papilio,Achillides,paris,gedeensis,M,"Moonen, J.J.M.",2016/02/04,
1277007,Papilionidae,Papilioninae,Papilionini,Papilio,Menelaides,demolion,demolion,M,"Moonen, J.J.M.",2016/02/04,
1277008,Papilionidae,Papilioninae,Papilionini,Papilio,Menelaides,helenus ,enganius,M,"Moonen, J.J.M.",2016/02/04,
1277009,Papilionidae,Papilioninae,Papilionini,Papilio,Menelaides,memnon,memnon,M,"Moonen, J.J.M.",2016/02/04,
1277010,Papilionidae,Papilioninae,Papilionini,Papilio,Achillides,paris,gedeensis,M,"Moonen, J.J.M.",2016/02/04,
1277011,Papilionidae,Papilioninae,Papilionini,Papilio,Menelaides,helenus ,enganius,M,"Moonen, J.J.M.",2016/02/04,
1277012,Papilionidae,Papilioninae,Troidini,Atrophaneura,Losaria,coon,coon,M,"Moonen, J.J.M.",2016/02/04,
1277013,Papilionidae,Papilioninae,Troidini,Atrophaneura,Losaria,coon,coon,F,"Moonen, J.J.M.",2016/02/04,
1277014,Papilionidae,Papilioninae,Papilionini,Papilio,Menelaides,helenus ,enganius,M,"Moonen, J.J.M.",2016/02/04,
1277015,Papilionidae,Papilioninae,Papilionini,Papilio,Menelaides,polytes,javanus,M,"Moonen, J.J.M.",2016/02/04,
1277016,Papilionidae,Papilioninae,Papilionini,Papilio,Menelaides,memnon,memnon,M,"Moonen, J.J.M.",2016/02/04,
1277017,Papilionidae,Papilioninae,Papilionini,Papilio,Achillides,paris,gedeensis,M,"Moonen, J.J.M.",2016/02/04,
1277018,Papilionidae,Papilioninae,Leptocircini,Graphium,Graphium,adonarensis,lycianus,M,"Moonen, J.J.M.",2016/02/04,
1277019,Papilionidae,Papilioninae,Leptocircini,Lamproptera,,meges,meges,M,"Moonen, J.J.M.",2016/02/04,
1277020,Papilionidae,Papilioninae,Papilionini,Papilio,Menelaides,demolion,demolion,F,"Moonen, J.J.M.",2016/02/04,
1277021,Papilionidae,Papilioninae,Papilionini,Papilio,Menelaides,helenus ,enganius,M,"Moonen, J.J.M.",2016/02/04,
1277022,Papilionidae,Papilioninae,Papilionini,Papilio,Menelaides,polytes,javanus,M,"Moonen, J.J.M.",2016/02/04,
1277023,Papilionidae,Papilioninae,Papilionini,Papilio,Achillides,paris,gedeensis,M,"Moonen, J.J.M.",2016/02/04,
1277024,Papilionidae,Papilioninae,Papilionini,Papilio,Menelaides,demolion,demolion,M,"Moonen, J.J.M.",2016/02/04,
1277025,Papilionidae,Papilioninae,Troidini,Atrophaneura,Losaria,coon,coon,M,"Moonen, J.J.M.",2016/02/04,
1277026,Papilionidae,Papilioninae,Troidini,Atrophaneura,Losaria,coon,coon,M,"Moonen, J.J.M.",2016/02/04,
1277027,Papilionidae,Papilioninae,Papilionini,Papilio,Menelaides,polytes,javanus,M,"Moonen, J.J.M.",2016/02/04,
1277028,Papilionidae,Papilioninae,Papilionini,Papilio,Menelaides,helenus ,enganius,M,"Moonen, J.J.M.",2016/02/04,remarkably few submarginale red edge spots cf. 1277032!
1277029,Papilionidae,Papilioninae,Papilionini,Papilio,Menelaides,demolion,demolion,M,"Moonen, J.J.M.",2016/02/04,
1277030,Papilionidae,Papilioninae,Papilionini,Papilio,Achillides,paris,gedeensis,M,"Moonen, J.J.M.",2016/02/04,
1277031,Papilionidae,Papilioninae,Leptocircini,Graphium,Graphium,adonarensis,lycianus,M,"Moonen, J.J.M.",2016/02/04,
1277032,Papilionidae,Papilioninae,Papilionini,Papilio,Menelaides,helenus ,enganius,M,"Moonen, J.J.M.",2016/02/04,
1277033,Papilionidae,Papilioninae,Papilionini,Papilio,Menelaides,memnon,memnon,F,"Moonen, J.J.M.",2016/02/04,
1277034,Papilionidae,Papilioninae,Papilionini,Papilio,Menelaides,memnon,memnon,M,"Moonen, J.J.M.",2016/02/04,
1277035,Papilionidae,Papilioninae,Papilionini,Papilio,Achillides,paris,gedeensis,M,"Moonen, J.J.M.",2016/02/04,
1277036,Papilionidae,Papilioninae,Papilionini,Papilio,Menelaides,polytes,javanus,M,"Moonen, J.J.M.",2016/02/04,
1277037,Papilionidae,Papilioninae,Leptocircini,Graphium,Graphium,adonarensis,lycianus,M,"Moonen, J.J.M.",2016/02/04,
1277038,Papilionidae,Papilioninae,Leptocircini,Graphium,Graphium,adonarensis,lycianus,M,"Moonen, J.J.M.",2016/02/04,
1277039,Papilionidae,Papilioninae,Papilionini,Papilio,Menelaides,demolion,demolion,M,"Moonen, J.J.M.",2016/02/04,
1277040,Papilionidae,Papilioninae,Papilionini,Papilio,Menelaides,polytes,javanus,M,"Moonen, J.J.M.",2016/02/04,
1277041,Papilionidae,Papilioninae,Papilionini,Papilio,Menelaides,demolion,demolion,F,"Moonen, J.J.M.",2016/02/04,
1277042,Papilionidae,Papilioninae,Papilionini,Papilio,Menelaides,demolion,demolion,M,"Moonen, J.J.M.",2016/02/04,
1277043,Papilionidae,Papilioninae,Leptocircini,Graphium,Graphium,adonarensis,lycianus,M,"Moonen, J.J.M.",2016/02/04,
1277044,Papilionidae,Papilioninae,Papilionini,Papilio,Achillides,paris,gedeensis,M,"Moonen, J.J.M.",2016/02/04,
1277045,Papilionidae,Papilioninae,Papilionini,Papilio,Menelaides,memnon,memnon,M,"Moonen, J.J.M.",2016/02/04,
1277046,Papilionidae,Papilioninae,Papilionini,Papilio,Menelaides,helenus ,enganius,M,"Moonen, J.J.M.",2016/02/04,
1277047,Papilionidae,Papilioninae,Papilionini,Papilio,Achillides,paris,gedeensis,M,"Moonen, J.J.M.",2016/02/04,
1277048,Papilionidae,Papilioninae,Leptocircini,Graphium,Graphium,adonarensis,lycianus,M,"Moonen, J.J.M.",2016/02/04,
1277049,Papilionidae,Papilioninae,Papilionini,Papilio,Achillides,paris,gedeensis,M,"Moonen, J.J.M.",2016/02/04,
1277050,Papilionidae,Papilioninae,Leptocircini,Graphium,Graphium,adonarensis,lycianus,M,"Moonen, J.J.M.",2016/02/04,
1277051,Papilionidae,Papilioninae,Papilionini,Papilio,Menelaides,demolion,demolion,M,"Moonen, J.J.M.",2016/02/04,
1277052,Papilionidae,Papilioninae,Papilionini,Papilio,Achillides,paris,gedeensis,M,"Moonen, J.J.M.",2016/02/04,
1277053,Papilionidae,Papilioninae,Leptocircini,Graphium,Graphium,adonarensis,lycianus,F,"Moonen, J.J.M.",2016/02/04,
1277054,Papilionidae,Papilioninae,Papilionini,Papilio,Achillides,paris,gedeensis,M,"Moonen, J.J.M.",2016/02/04,
1277055,Papilionidae,Papilioninae,Papilionini,Papilio,Menelaides,polytes,javanus,M,"Moonen, J.J.M.",2016/02/04,
1277056,Papilionidae,Papilioninae,Papilionini,Papilio,Menelaides,helenus ,enganius,M,"Moonen, J.J.M.",2016/02/04,
1277057,Papilionidae,Papilioninae,Papilionini,Papilio,Menelaides,helenus ,enganius,M,"Moonen, J.J.M.",2016/02/04,
1277058,Papilionidae,Papilioninae,Papilionini,Papilio,Menelaides,demolion,demolion,M,"Moonen, J.J.M.",2016/02/04,
1277059,Papilionidae,Papilioninae,Papilionini,Papilio,Menelaides,helenus ,enganius,M,"Moonen, J.J.M.",2016/02/04,
1277060,Papilionidae,Papilioninae,Papilionini,Papilio,Achillides,paris,gedeensis,M,"Moonen, J.J.M.",2016/02/04,
1277061,Papilionidae,Papilioninae,Papilionini,Papilio,Achillides,paris,gedeensis,M,"Moonen, J.J.M.",2016/02/04,
1277062,Papilionidae,Papilioninae,Papilionini,Papilio,Menelaides,memnon,memnon,M,"Moonen, J.J.M.",2016/02/04,
1277063,Papilionidae,Papilioninae,Papilionini,Papilio,Achillides,paris,gedeensis,M,"Moonen, J.J.M.",2016/02/04,
1277064,Papilionidae,Papilioninae,Papilionini,Papilio,Menelaides,helenus ,enganius,M,"Moonen, J.J.M.",2016/02/04,
1277065,Papilionidae,Papilioninae,Papilionini,Papilio,Menelaides,helenus ,enganius,M,"Moonen, J.J.M.",2016/02/04,
1277066,Papilionidae,Papilioninae,Papilionini,Papilio,Menelaides,memnon,memnon,M,"Moonen, J.J.M.",2016/02/04,
1277067,Papilionidae,Papilioninae,Troidini,Atrophaneura,Losaria,coon,coon,M,"Moonen, J.J.M.",2016/02/04,
1277068,Papilionidae,Papilioninae,Papilionini,Papilio,Menelaides,demolion,demolion,M,"Moonen, J.J.M.",2016/02/04,
1277069,Papilionidae,Papilioninae,Papilionini,Papilio,Menelaides,helenus ,enganius,M,"Moonen, J.J.M.",2016/02/04,
1277070,Papilionidae,Papilioninae,Papilionini,Papilio,Menelaides,demolion,demolion,M,"Moonen, J.J.M.",2016/02/04,
1277071,Papilionidae,Papilioninae,Papilionini,Papilio,Menelaides,memnon,memnon,M,"Moonen, J.J.M.",2016/02/04,
1277072,Papilionidae,Papilioninae,Papilionini,Papilio,Menelaides,polytes,javanus,M,"Moonen, J.J.M.",2016/02/04,
1277073,Papilionidae,Papilioninae,Papilionini,Papilio,Menelaides,helenus ,enganius,M,"Moonen, J.J.M.",2016/02/04,
1277074,Papilionidae,Papilioninae,Papilionini,Papilio,Menelaides,demolion,demolion,M,"Moonen, J.J.M.",2016/02/04,
1277075,Papilionidae,Papilioninae,Papilionini,Papilio,Menelaides,memnon,memnon,F,"Moonen, J.J.M.",2016/02/04,
1277076,Papilionidae,Papilioninae,Papilionini,Papilio,Menelaides,demolion,demolion,M,"Moonen, J.J.M.",2016/02/04,
1277077,Papilionidae,Papilioninae,Papilionini,Papilio,Menelaides,demolion,demolion,M,"Moonen, J.J.M.",2016/02/04,
1277078,Papilionidae,Papilioninae,Papilionini,Papilio,Menelaides,demolion,demolion,M,"Moonen, J.J.M.",2016/02/04,
1277079,Papilionidae,Papilioninae,Papilionini,Papilio,Menelaides,polytes,javanus,M,"Moonen, J.J.M.",2016/02/04,
1277080,Papilionidae,Papilioninae,Papilionini,Papilio,Menelaides,helenus ,enganius,M,"Moonen, J.J.M.",2016/02/04,
1277081,Papilionidae,Papilioninae,Papilionini,Papilio,Menelaides,polytes,javanus,F,"Moonen, J.J.M.",2016/02/04,
1277082,Papilionidae,Papilioninae,Papilionini,Papilio,Menelaides,helenus ,enganius,M,"Moonen, J.J.M.",2016/02/04,
1277083,Papilionidae,Papilioninae,Papilionini,Papilio,Achillides,paris,gedeensis,M,"Moonen, J.J.M.",2016/02/04,
1277084,Papilionidae,Papilioninae,Leptocircini,Graphium,Graphium,adonarensis,lycianus,M,"Moonen, J.J.M.",2016/02/04,
1277085,Papilionidae,Papilioninae,Papilionini,Papilio,Menelaides,memnon,memnon,M,"Moonen, J.J.M.",2016/02/04,
1277086,Papilionidae,Papilioninae,Papilionini,Papilio,Menelaides,memnon,memnon,M,"Moonen, J.J.M.",2016/02/04,
1277087,Papilionidae,Papilioninae,Leptocircini,Graphium,Graphium,adonarensis,lycianus,M,"Moonen, J.J.M.",2016/02/04,
1277088,Papilionidae,Papilioninae,Papilionini,Papilio,Menelaides,helenus ,enganius,M,"Moonen, J.J.M.",2016/02/04,
1277089,Papilionidae,Papilioninae,Troidini,Atrophaneura,Losaria,coon,coon,M,"Moonen, J.J.M.",2016/02/04,
1277090,Papilionidae,Papilioninae,Papilionini,Papilio,Menelaides,demolion,demolion,F,"Moonen, J.J.M.",2016/02/04,
1277091,Papilionidae,Papilioninae,Papilionini,Papilio,Menelaides,memnon,memnon,M,"Moonen, J.J.M.",2016/02/04,
1277092,Papilionidae,Papilioninae,Leptocircini,Graphium,Graphium,adonarensis,lycianus,M,"Moonen, J.J.M.",2016/02/04,
1277093,Papilionidae,Papilioninae,Papilionini,Papilio,Menelaides,demolion,demolion,M,"Moonen, J.J.M.",2016/02/04,
1277094,Papilionidae,Papilioninae,Papilionini,Papilio,Menelaides,memnon,memnon,M,"Moonen, J.J.M.",2016/02/04,
1277095,Papilionidae,Papilioninae,Papilionini,Papilio,Menelaides,demolion,demolion,M,"Moonen, J.J.M.",2016/02/04,
1277096,Papilionidae,Papilioninae,Troidini,Atrophaneura,Losaria,coon,coon,F,"Moonen, J.J.M.",2016/02/04,
1277097,Papilionidae,Papilioninae,Papilionini,Papilio,Menelaides,demolion,demolion,M,"Moonen, J.J.M.",2016/02/04,
1277098,Papilionidae,Papilioninae,Leptocircini,Graphium,Graphium,adonarensis,lycianus,M,"Moonen, J.J.M.",2016/02/04,
1277099,Papilionidae,Papilioninae,Papilionini,Papilio,Menelaides,demolion,demolion,M,"Moonen, J.J.M.",2016/02/04,
1277100,Papilionidae,Papilioninae,Troidini,Atrophaneura,Losaria,coon,coon,M,"Moonen, J.J.M.",2016/02/04,
1277101,Papilionidae,Papilioninae,Papilionini,Papilio,Menelaides,memnon,memnon,M,"Moonen, J.J.M.",2016/04/04,
1277102,Papilionidae,Papilioninae,Papilionini,Papilio,Menelaides,polytes,javanus,M,"Moonen, J.J.M.",2016/04/04,
1277103,Papilionidae,Papilioninae,Papilionini,Papilio,Menelaides,demolion,demolion,M,"Moonen, J.J.M.",2016/04/04,
1277104,Papilionidae,Papilioninae,Papilionini,Papilio,Menelaides,demolion,demolion,M,"Moonen, J.J.M.",2016/04/04,
1277105,Papilionidae,Papilioninae,Papilionini,Papilio,Menelaides,demolion,demolion,M,"Moonen, J.J.M.",2016/04/04,
1277106,Papilionidae,Papilioninae,Leptocircini,Graphium,Graphium,agamemnon,agamemnon,M,"Moonen, J.J.M.",2016/04/04,
1277107,Papilionidae,Papilioninae,Papilionini,Papilio,Menelaides,polytes,javanus,M,"Moonen, J.J.M.",2016/04/04,
1277108,Papilionidae,Papilioninae,Leptocircini,Graphium,Graphium,adonarensis,lycianus,M,"Moonen, J.J.M.",2016/04/04,
1277109,Papilionidae,Papilioninae,Papilionini,Papilio,Menelaides,polytes,javanus,M,"Moonen, J.J.M.",2016/04/04,
1277110,Papilionidae,Papilioninae,Papilionini,Papilio,Menelaides,demolion,demolion,M,"Moonen, J.J.M.",2016/04/04,
1277111,Papilionidae,Papilioninae,Papilionini,Papilio,Menelaides,demolion,demolion,M,"Moonen, J.J.M.",2016/04/04,
1277112,Papilionidae,Papilioninae,Papilionini,Papilio,Menelaides,demolion,demolion,M,"Moonen, J.J.M.",2016/04/04,
1277113,Papilionidae,Papilioninae,Papilionini,Papilio,Menelaides,demolion,demolion,F,"Moonen, J.J.M.",2016/04/04,
1277114,Papilionidae,Papilioninae,Papilionini,Papilio,Menelaides,helenus ,enganius,M,"Moonen, J.J.M.",2016/04/04,
1277115,Papilionidae,Papilioninae,Papilionini,Papilio,Menelaides,helenus ,enganius,M,"Moonen, J.J.M.",2016/04/04,
1277116,Papilionidae,Papilioninae,Papilionini,Papilio,Menelaides,polytes,javanus,F,"Moonen, J.J.M.",2016/04/04,
1277117,Papilionidae,Papilioninae,Troidini,Atrophaneura,Losaria,coon,coon,F,"Moonen, J.J.M.",2016/04/04,
1277118,Papilionidae,Papilioninae,Papilionini,Papilio,Menelaides,demolion,demolion,M,"Moonen, J.J.M.",2016/04/04,
1277119,Papilionidae,Papilioninae,Papilionini,Papilio,Menelaides,memnon,memnon,M,"Moonen, J.J.M.",2016/04/04,
1277120,Papilionidae,Papilioninae,Leptocircini,Graphium,Graphium,adonarensis,lycianus,M,"Moonen, J.J.M.",2016/04/04,
1277121,Papilionidae,Papilioninae,Leptocircini,Graphium,Graphium,adonarensis,lycianus,M,"Moonen, J.J.M.",2016/04/04,
1277122,Papilionidae,Papilioninae,Papilionini,Papilio,Menelaides,polytes,javanus,M,"Moonen, J.J.M.",2016/04/04,
1277123,Papilionidae,Papilioninae,Leptocircini,Graphium,Graphium,adonarensis,lycianus,M,"Moonen, J.J.M.",2016/04/04,
1277124,Papilionidae,Papilioninae,Papilionini,Papilio,Achillides,paris,gedeensis,M,"Moonen, J.J.M.",2016/04/04,
1277125,Papilionidae,Papilioninae,Papilionini,Papilio,Menelaides,polytes,javanus,M,"Moonen, J.J.M.",2016/05/04,
1277126,Papilionidae,Papilioninae,Papilionini,Papilio,Menelaides,polytes,javanus,M,"Moonen, J.J.M.",2016/05/04,
1277127,Papilionidae,Papilioninae,Papilionini,Papilio,Achillides,paris,gedeensis,M,"Moonen, J.J.M.",2016/05/04,
1277128,Papilionidae,Papilioninae,Papilionini,Papilio,Menelaides,helenus ,enganius,M,"Moonen, J.J.M.",2016/05/04,
1277129,Papilionidae,Papilioninae,Leptocircini,Graphium,Graphium,bathycles ,bathycles,M,"Moonen, J.J.M.",2016/05/04,
1277130,Papilionidae,Papilioninae,Papilionini,Papilio,Menelaides,memnon,memnon,M,"Moonen, J.J.M.",2016/05/04,
1277131,Papilionidae,Papilioninae,Leptocircini,Graphium,Graphium,adonarensis,lycianus,M,"Moonen, J.J.M.",2016/05/04,
1277132,Papilionidae,Papilioninae,Papilionini,Papilio,Menelaides,demolion,demolion,M,"Moonen, J.J.M.",2016/05/04,
1277133,Papilionidae,Papilioninae,Papilionini,Papilio,Menelaides,helenus ,enganius,M,"Moonen, J.J.M.",2016/05/04,
1277134,Papilionidae,Papilioninae,Papilionini,Papilio,Menelaides,polytes,javanus,F,"Moonen, J.J.M.",2016/05/04,
1277135,Papilionidae,Papilioninae,Papilionini,Papilio,Menelaides,helenus ,enganius,M,"Moonen, J.J.M.",2016/05/04,
1277136,Papilionidae,Papilioninae,Leptocircini,Graphium,Graphium,adonarensis,lycianus,M,"Moonen, J.J.M.",2016/05/04,
1277137,Papilionidae,Papilioninae,Leptocircini,Graphium,Pathysa,macareus,macareus,M,"Moonen, J.J.M.",2016/05/04,
1277138,Papilionidae,Papilioninae,Leptocircini,Graphium,Graphium,adonarensis,lycianus,M,"Moonen, J.J.M.",2016/05/04,
1277139,Papilionidae,Papilioninae,Leptocircini,Graphium,Graphium,agamemnon,agamemnon,M,"Moonen, J.J.M.",2016/05/04,
1277140,Papilionidae,Papilioninae,Leptocircini,Graphium,Graphium,agamemnon,agamemnon,F,"Moonen, J.J.M.",2016/05/04,
1277141,Papilionidae,Papilioninae,Papilionini,Papilio,Menelaides,demolion,demolion,M,"Moonen, J.J.M.",2016/05/04,
1277142,Papilionidae,Papilioninae,Leptocircini,Graphium,Graphium,agamemnon,agamemnon,M,"Moonen, J.J.M.",2016/05/04,
1277143,Papilionidae,Papilioninae,Papilionini,Papilio,Menelaides,demolion,demolion,M,"Moonen, J.J.M.",2016/05/04,
1277144,Papilionidae,Papilioninae,Leptocircini,Graphium,Graphium,adonarensis,lycianus,M,"Moonen, J.J.M.",2016/05/04,
1277145,Papilionidae,Papilioninae,Papilionini,Papilio,Menelaides,helenus ,enganius,M,"Moonen, J.J.M.",2016/05/04,
1277146,Papilionidae,Papilioninae,Papilionini,Papilio,Menelaides,polytes,javanus,M,"Moonen, J.J.M.",2016/05/04,
1277147,Papilionidae,Papilioninae,Leptocircini,Graphium,Graphium,bathycles ,bathycles,M,"Moonen, J.J.M.",2016/05/04,
1277148,Papilionidae,Papilioninae,Papilionini,Papilio,Menelaides,demolion,demolion,M,"Moonen, J.J.M.",2016/05/04,
1277149,Papilionidae,Papilioninae,Papilionini,Papilio,Menelaides,memnon,memnon,M,"Moonen, J.J.M.",2016/05/04,
1277150,Papilionidae,Papilioninae,Papilionini,Papilio,Menelaides,demolion,demolion,F,"Moonen, J.J.M.",2016/05/04,
1277151,Papilionidae,Papilioninae,Papilionini,Papilio,Achillides,paris,gedeensis,M,"Moonen, J.J.M.",2016/05/04,
1277152,Papilionidae,Papilioninae,Papilionini,Papilio,Menelaides,memnon,memnon,F,"Moonen, J.J.M.",2016/05/04,
1277153,Papilionidae,Papilioninae,Papilionini,Papilio,Menelaides,memnon,memnon,F,"Moonen, J.J.M.",2016/05/04,
1277154,Papilionidae,Papilioninae,Troidini,Atrophaneura,Losaria,coon,coon,M,"Moonen, J.J.M.",2016/05/04,
1277155,Papilionidae,Papilioninae,Troidini,Troides,Troides,helena,helena,M,"Moonen, J.J.M.",2016/05/04,
1277156,Papilionidae,Papilioninae,Papilionini,Papilio,Menelaides,polytes,javanus,F,"Moonen, J.J.M.",2016/05/04,male like form
1277157,Papilionidae,Papilioninae,Papilionini,Papilio,Achillides,karna,karna,M,"Moonen, J.J.M.",2016/05/04,
1277158,Papilionidae,Papilioninae,Leptocircini,Graphium,Graphium,adonarensis,lycianus,M,"Moonen, J.J.M.",2016/05/04,
1277159,Papilionidae,Papilioninae,Troidini,Atrophaneura,Losaria,coon,coon,F,"Moonen, J.J.M.",2016/05/04,
1277160,Papilionidae,Papilioninae,Papilionini,Papilio,Achillides,paris,gedeensis,M,"Moonen, J.J.M.",2016/05/04,
1277161,Papilionidae,Papilioninae,Leptocircini,Graphium,Graphium,adonarensis,lycianus,M,"Moonen, J.J.M.",2016/05/04,
1277162,Papilionidae,Papilioninae,Papilionini,Papilio,Menelaides,polytes,javanus,M,"Moonen, J.J.M.",2016/05/04,
1277163,Papilionidae,Papilioninae,Leptocircini,Graphium,Graphium,agamemnon,agamemnon,F,"Moonen, J.J.M.",2016/05/04,
1277164,Papilionidae,Papilioninae,Papilionini,Papilio,Menelaides,helenus ,enganius,M,"Moonen, J.J.M.",2016/05/04,
1277165,Papilionidae,Papilioninae,Papilionini,Papilio,Menelaides,helenus ,enganius,M,"Moonen, J.J.M.",2016/05/04,
1277166,Papilionidae,Papilioninae,Papilionini,Papilio,Menelaides,helenus ,enganius,M,"Moonen, J.J.M.",2016/05/04,
1277167,Papilionidae,Papilioninae,Papilionini,Papilio,Achillides,paris,gedeensis,M,"Moonen, J.J.M.",2016/05/04,
1277168,Papilionidae,Papilioninae,Leptocircini,Graphium,Graphium,adonarensis,lycianus,M,"Moonen, J.J.M.",2016/05/04,
1277169,Papilionidae,Papilioninae,Papilionini,Papilio,Menelaides,demolion,demolion,F,"Moonen, J.J.M.",2016/05/04,
1277170,Papilionidae,Papilioninae,Leptocircini,Graphium,Graphium,adonarensis,lycianus,M,"Moonen, J.J.M.",2016/05/04,
1277171,Papilionidae,Papilioninae,Papilionini,Papilio,Menelaides,polytes,javanus,M,"Moonen, J.J.M.",2016/05/04,
1277172,Papilionidae,Papilioninae,Leptocircini,Graphium,Graphium,adonarensis,lycianus,F,"Moonen, J.J.M.",2016/05/04,
1277173,Papilionidae,Papilioninae,Papilionini,Papilio,Menelaides,helenus ,enganius,M,"Moonen, J.J.M.",2016/05/04,
1277174,Papilionidae,Papilioninae,Leptocircini,Graphium,Graphium,adonarensis,lycianus,M,"Moonen, J.J.M.",2016/05/04,
1277175,Papilionidae,Papilioninae,Papilionini,Papilio,Menelaides,polytes,javanus,M,"Moonen, J.J.M.",2016/05/04,
1277176,Papilionidae,Papilioninae,Papilionini,Papilio,Menelaides,polytes,javanus,M,"Moonen, J.J.M.",2016/05/04,
1277177,Papilionidae,Papilioninae,Leptocircini,Graphium,Graphium,adonarensis,lycianus,M,"Moonen, J.J.M.",2016/05/04,
1277178,Papilionidae,Papilioninae,Leptocircini,Graphium,Pathysa,macareus,macareus,M,"Moonen, J.J.M.",2016/05/04,
1277179,Papilionidae,Papilioninae,Papilionini,Papilio,Menelaides,helenus ,enganius,M,"Moonen, J.J.M.",2016/05/04,
1277180,Papilionidae,Papilioninae,Papilionini,Papilio,Menelaides,memnon,memnon,M,"Moonen, J.J.M.",2016/05/04,
1277181,Papilionidae,Papilioninae,Leptocircini,Graphium,Graphium,adonarensis,lycianus,M,"Moonen, J.J.M.",2016/05/04,
1277182,Papilionidae,Papilioninae,Leptocircini,Graphium,Graphium,eurypylus,daton,M,"Moonen, J.J.M.",2016/05/04,
1277183,Papilionidae,Papilioninae,Papilionini,Papilio,Menelaides,polytes,javanus,M,"Moonen, J.J.M.",2016/05/04,
1277184,Papilionidae,Papilioninae,Troidini,Atrophaneura,Losaria,coon,coon,M,"Moonen, J.J.M.",2016/05/04,
1277185,Papilionidae,Papilioninae,Leptocircini,Graphium,Graphium,adonarensis,lycianus,M,"Moonen, J.J.M.",2016/05/04,
1277186,Papilionidae,Papilioninae,Troidini,Atrophaneura,Losaria,coon,coon,M,"Moonen, J.J.M.",2016/05/04,
1277187,Papilionidae,Papilioninae,Papilionini,Papilio,Menelaides,polytes,javanus,F,"Moonen, J.J.M.",2016/05/04,
1277188,Papilionidae,Papilioninae,Papilionini,Papilio,Menelaides,memnon,memnon,M,"Moonen, J.J.M.",2016/05/04,
1277189,Papilionidae,Papilioninae,Leptocircini,Graphium,Graphium,adonarensis,lycianus,M,"Moonen, J.J.M.",2016/05/04,
1277190,Papilionidae,Papilioninae,Papilionini,Papilio,Menelaides,demolion,demolion,M,"Moonen, J.J.M.",2016/05/04,
1277191,Papilionidae,Papilioninae,Leptocircini,Graphium,Graphium,agamemnon,agamemnon,F,"Moonen, J.J.M.",2016/05/04,
1277192,Papilionidae,Papilioninae,Papilionini,Papilio,Achillides,paris,gedeensis,M,"Moonen, J.J.M.",2016/05/04,
1277193,Papilionidae,Papilioninae,Leptocircini,Graphium,Graphium,adonarensis,lycianus,M,"Moonen, J.J.M.",2016/05/04,
1277194,Papilionidae,Papilioninae,Papilionini,Papilio,Menelaides,memnon,memnon,M,"Moonen, J.J.M.",2016/05/04,
1277195,Papilionidae,Papilioninae,Papilionini,Papilio,Achillides,paris,gedeensis,M,"Moonen, J.J.M.",2016/05/04,
1277196,Papilionidae,Papilioninae,Papilionini,Papilio,Menelaides,demolion,demolion,F,"Moonen, J.J.M.",2016/05/04,
1277197,Papilionidae,Papilioninae,Papilionini,Papilio,Achillides,paris,gedeensis,M,"Moonen, J.J.M.",2016/05/04,
1277198,Papilionidae,Papilioninae,Leptocircini,Graphium,Pathysa,macareus,macareus,M,"Moonen, J.J.M.",2016/05/04,
1277199,Papilionidae,Papilioninae,Leptocircini,Graphium,Pathysa,antiphates,javanicus,M,"Moonen, J.J.M.",2016/05/04,
1277200,Papilionidae,Papilioninae,Troidini,Atrophaneura,Losaria,coon,coon,M,"Moonen, J.J.M.",2016/05/04,
1277201,Papilionidae,Papilioninae,Papilionini,Papilio,Menelaides,memnon,memnon,M,"Moonen, J.J.M.",2016/06/04,
1277202,Papilionidae,Papilioninae,Papilionini,Papilio,Achillides,paris,gedeensis,M,"Moonen, J.J.M.",2016/06/04,
1277203,Papilionidae,Papilioninae,Papilionini,Papilio,Menelaides,helenus ,enganius,M,"Moonen, J.J.M.",2016/06/04,
1277204,Papilionidae,Papilioninae,Papilionini,Papilio,Menelaides,helenus ,enganius,M,"Moonen, J.J.M.",2016/06/04,
1277205,Papilionidae,Papilioninae,Papilionini,Papilio,Menelaides,demolion,demolion,M,"Moonen, J.J.M.",2016/06/04,
1277206,Papilionidae,Papilioninae,Papilionini,Papilio,Menelaides,polytes,javanus,F,"Moonen, J.J.M.",2016/06/04,male like form
1277207,Papilionidae,Papilioninae,Leptocircini,Graphium,Graphium,bathycles ,bathycles,M,"Moonen, J.J.M.",2016/06/04,
1277208,Papilionidae,Papilioninae,Leptocircini,Graphium,Graphium,adonarensis,lycianus,M,"Moonen, J.J.M.",2016/06/04,
1277209,Papilionidae,Papilioninae,Leptocircini,Graphium,Graphium,adonarensis,lycianus,M,"Moonen, J.J.M.",2016/06/04,
1277210,Papilionidae,Papilioninae,Papilionini,Papilio,Menelaides,memnon,memnon,M,"Moonen, J.J.M.",2016/06/04,
1277211,Papilionidae,Papilioninae,Papilionini,Papilio,Menelaides,demolion,demolion,F,"Moonen, J.J.M.",2016/06/04,
1277212,Papilionidae,Papilioninae,Papilionini,Papilio,Menelaides,memnon,memnon,M,"Moonen, J.J.M.",2016/06/04,
1277213,Papilionidae,Papilioninae,Papilionini,Papilio,Menelaides,helenus ,enganius,M,"Moonen, J.J.M.",2016/06/04,
1277214,Papilionidae,Papilioninae,Papilionini,Papilio,Achillides,paris,gedeensis,M,"Moonen, J.J.M.",2016/06/04,
1277215,Papilionidae,Papilioninae,Papilionini,Papilio,Achillides,paris,gedeensis,M,"Moonen, J.J.M.",2016/06/04,
1277216,Papilionidae,Papilioninae,Papilionini,Papilio,Menelaides,memnon,memnon,M,"Moonen, J.J.M.",2016/06/04,
1277217,Papilionidae,Papilioninae,Papilionini,Papilio,Menelaides,demolion,demolion,M,"Moonen, J.J.M.",2016/06/04,
1277218,Papilionidae,Papilioninae,Leptocircini,Graphium,Graphium,evemon,evemon,M,"Moonen, J.J.M.",2016/06/04,
1277219,Papilionidae,Papilioninae,Leptocircini,Graphium,Graphium,adonarensis,lycianus,M,"Moonen, J.J.M.",2016/06/04,
1277220,Papilionidae,Papilioninae,Papilionini,Papilio,Menelaides,polytes,javanus,M,"Moonen, J.J.M.",2016/06/04,
1277221,Papilionidae,Papilioninae,Papilionini,Papilio,Menelaides,helenus ,enganius,M,"Moonen, J.J.M.",2016/06/04,
1277222,Papilionidae,Papilioninae,Papilionini,Papilio,Achillides,paris,gedeensis,M,"Moonen, J.J.M.",2016/06/04,
1277223,Papilionidae,Papilioninae,Leptocircini,Graphium,Pathysa,macareus,macareus,M,"Moonen, J.J.M.",2016/06/04,
1277224,Papilionidae,Papilioninae,Leptocircini,Graphium,Graphium,bathycles ,bathycles,M,"Moonen, J.J.M.",2016/06/04,
1277225,Papilionidae,Papilioninae,Leptocircini,Graphium,Graphium,adonarensis,lycianus,M,"Moonen, J.J.M.",2016/06/04,
1277226,Papilionidae,Papilioninae,Papilionini,Papilio,Achillides,paris,gedeensis,M,"Moonen, J.J.M.",2016/06/04,
1277227,Papilionidae,Papilioninae,Papilionini,Papilio,Achillides,paris,gedeensis,M,"Moonen, J.J.M.",2016/06/04,
1277228,Papilionidae,Papilioninae,Leptocircini,Graphium,Graphium,evemon,evemon,M,"Moonen, J.J.M.",2016/06/04,
1277229,Papilionidae,Papilioninae,Papilionini,Papilio,Menelaides,polytes,javanus,M,"Moonen, J.J.M.",2016/06/04,
1277230,Papilionidae,Papilioninae,Papilionini,Papilio,Achillides,paris,gedeensis,M,"Moonen, J.J.M.",2016/06/04,
1277231,Papilionidae,Papilioninae,Papilionini,Papilio,Menelaides,demolion,demolion,F,"Moonen, J.J.M.",2016/06/04,
1277232,Papilionidae,Papilioninae,Leptocircini,Graphium,Graphium,adonarensis,lycianus,M,"Moonen, J.J.M.",2016/06/04,
1277233,Papilionidae,Papilioninae,Leptocircini,Graphium,Graphium,adonarensis,lycianus,M,"Moonen, J.J.M.",2016/06/04,
1277234,Papilionidae,Papilioninae,Papilionini,Papilio,Menelaides,memnon,memnon,M,"Moonen, J.J.M.",2016/06/04,
1277235,Papilionidae,Papilioninae,Leptocircini,Graphium,Graphium,eurypylus,daton,M,"Moonen, J.J.M.",2016/06/04,
1277236,Papilionidae,Papilioninae,Papilionini,Papilio,Menelaides,helenus ,enganius,M,"Moonen, J.J.M.",2016/06/04,
1277237,Papilionidae,Papilioninae,Leptocircini,Graphium,Graphium,adonarensis,lycianus,M,"Moonen, J.J.M.",2016/06/04,
1277238,Papilionidae,Papilioninae,Papilionini,Papilio,Menelaides,helenus ,enganius,M,"Moonen, J.J.M.",2016/06/04,
1277239,Papilionidae,Papilioninae,Papilionini,Papilio,Menelaides,memnon,memnon,M,"Moonen, J.J.M.",2016/06/04,
1277240,Papilionidae,Papilioninae,Leptocircini,Graphium,Graphium,adonarensis,lycianus,M,"Moonen, J.J.M.",2016/06/04,
1277241,Papilionidae,Papilioninae,Papilionini,Papilio,Menelaides,helenus ,enganius,M,"Moonen, J.J.M.",2016/07/04,
1277242,Papilionidae,Papilioninae,Papilionini,Papilio,Achillides,paris,gedeensis,M,"Moonen, J.J.M.",2016/07/04,
1277243,Papilionidae,Papilioninae,Papilionini,Papilio,Menelaides,demolion,demolion,M,"Moonen, J.J.M.",2016/07/04,
1277244,Papilionidae,Papilioninae,Troidini,Atrophaneura,Losaria,coon,coon,M,"Moonen, J.J.M.",2016/07/04,
1277245,Papilionidae,Papilioninae,Papilionini,Papilio,Menelaides,helenus ,enganius,M,"Moonen, J.J.M.",2016/07/04,
1277246,Papilionidae,Papilioninae,Papilionini,Papilio,Achillides,paris,gedeensis,M,"Moonen, J.J.M.",2016/07/04,
1277247,Papilionidae,Papilioninae,Papilionini,Papilio,Menelaides,memnon,memnon,M,"Moonen, J.J.M.",2016/07/04,remove larva of museum beetle!
1277248,Papilionidae,Papilioninae,Papilionini,Papilio,Achillides,paris,gedeensis,M,"Moonen, J.J.M.",2016/07/04,
1277249,Papilionidae,Papilioninae,Troidini,Atrophaneura,Losaria,coon,coon,F,"Moonen, J.J.M.",2016/07/04,
1277250,Papilionidae,Papilioninae,Leptocircini,Graphium,Graphium,adonarensis,lycianus,M,"Moonen, J.J.M.",2016/07/04,
1277251,Papilionidae,Papilioninae,Papilionini,Papilio,Menelaides,demolion,demolion,M,"Moonen, J.J.M.",2016/07/04,
1277252,Papilionidae,Papilioninae,Papilionini,Papilio,Menelaides,polytes,javanus,M,"Moonen, J.J.M.",2016/07/04,
1277253,Papilionidae,Papilioninae,Papilionini,Papilio,Menelaides,memnon,memnon,M,"Moonen, J.J.M.",2016/07/04,
1277254,Papilionidae,Papilioninae,Papilionini,Papilio,Menelaides,memnon,memnon,F,"Moonen, J.J.M.",2016/07/04,
1277255,Papilionidae,Papilioninae,Papilionini,Papilio,Menelaides,memnon,memnon,M,"Moonen, J.J.M.",2016/07/04,
1277256,Papilionidae,Papilioninae,Papilionini,Papilio,Menelaides,helenus ,enganius,M,"Moonen, J.J.M.",2016/07/04,
1277257,Papilionidae,Papilioninae,Papilionini,Papilio,Menelaides,helenus ,enganius,M,"Moonen, J.J.M.",2016/07/04,
1277258,Papilionidae,Papilioninae,Papilionini,Papilio,Achillides,paris,gedeensis,M,"Moonen, J.J.M.",2016/07/04,
1277259,Papilionidae,Papilioninae,Papilionini,Papilio,Menelaides,demolion,demolion,M,"Moonen, J.J.M.",2016/07/04,
1277260,Papilionidae,Papilioninae,Leptocircini,Graphium,Graphium,adonarensis,lycianus,M,"Moonen, J.J.M.",2016/07/04,
1277261,Papilionidae,Papilioninae,Papilionini,Papilio,Menelaides,polytes,javanus,M,"Moonen, J.J.M.",2016/07/04,
1277262,Papilionidae,Papilioninae,Papilionini,Papilio,Menelaides,demolion,demolion,M,"Moonen, J.J.M.",2016/07/04,
1277263,Papilionidae,Papilioninae,Papilionini,Papilio,Menelaides,polytes,javanus,F,"Moonen, J.J.M.",2016/07/04,male like form
1277264,Papilionidae,Papilioninae,Papilionini,Papilio,Menelaides,helenus ,enganius,M,"Moonen, J.J.M.",2016/07/04,
1277265,Papilionidae,Papilioninae,Papilionini,Papilio,Menelaides,polytes,javanus,F,"Moonen, J.J.M.",2016/07/04,
1277266,Papilionidae,Papilioninae,Papilionini,Papilio,Menelaides,helenus ,enganius,M,"Moonen, J.J.M.",2016/07/04,
1277267,Papilionidae,Papilioninae,Leptocircini,Graphium,Graphium,adonarensis,lycianus,M,"Moonen, J.J.M.",2016/07/04,
1277268,Papilionidae,Papilioninae,Papilionini,Papilio,Menelaides,helenus ,enganius,M,"Moonen, J.J.M.",2016/07/04,
1277269,Papilionidae,Papilioninae,Leptocircini,Graphium,Graphium,adonarensis,lycianus,M,"Moonen, J.J.M.",2016/07/04,
1277270,Papilionidae,Papilioninae,Papilionini,Papilio,Menelaides,demolion,demolion,M,"Moonen, J.J.M.",2016/07/04,
1277271,Papilionidae,Papilioninae,Troidini,Atrophaneura,Losaria,coon,coon,M,"Moonen, J.J.M.",2016/07/04,
1277272,Papilionidae,Papilioninae,Troidini,Atrophaneura,Losaria,coon,coon,M,"Moonen, J.J.M.",2016/07/04,
1277273,Papilionidae,Papilioninae,Leptocircini,Graphium,Graphium,agamemnon,agamemnon,F,"Moonen, J.J.M.",2016/07/04,
1277274,Papilionidae,Papilioninae,Papilionini,Papilio,Menelaides,helenus ,enganius,M,"Moonen, J.J.M.",2016/07/04,
1277275,Papilionidae,Papilioninae,Papilionini,Papilio,Menelaides,memnon,memnon,M,"Moonen, J.J.M.",2016/07/04,
1277276,Papilionidae,Papilioninae,Papilionini,Papilio,Menelaides,memnon,memnon,M,"Moonen, J.J.M.",2016/07/04,
1277277,Papilionidae,Papilioninae,Papilionini,Papilio,Menelaides,helenus ,enganius,M,"Moonen, J.J.M.",2016/07/04,
1277278,Papilionidae,Papilioninae,Papilionini,Papilio,Menelaides,helenus ,enganius,M,"Moonen, J.J.M.",2016/07/04,
1277279,Papilionidae,Papilioninae,Leptocircini,Graphium,Graphium,evemon,evemon,M,"Moonen, J.J.M.",2016/07/04,
1277280,Papilionidae,Papilioninae,Papilionini,Papilio,Menelaides,demolion,demolion,F,"Moonen, J.J.M.",2016/07/04,
1277281,Papilionidae,Papilioninae,Papilionini,Papilio,Menelaides,demolion,demolion,M,"Moonen, J.J.M.",2016/07/04,
1277282,Papilionidae,Papilioninae,Leptocircini,Graphium,Graphium,adonarensis,lycianus,M,"Moonen, J.J.M.",2016/07/04,
1277283,Papilionidae,Papilioninae,Papilionini,Papilio,Menelaides,memnon,memnon,M,"Moonen, J.J.M.",2016/07/04,
1277284,Papilionidae,Papilioninae,Leptocircini,Graphium,Graphium,adonarensis,lycianus,M,"Moonen, J.J.M.",2016/07/04,
1277285,Papilionidae,Papilioninae,Papilionini,Papilio,Menelaides,demolion,demolion,F,"Moonen, J.J.M.",2016/07/04,
1277286,Papilionidae,Papilioninae,Leptocircini,Graphium,Graphium,evemon,evemon,M,"Moonen, J.J.M.",2016/07/04,
1277287,Papilionidae,Papilioninae,Troidini,Atrophaneura,Losaria,coon,coon,M,"Moonen, J.J.M.",2016/07/04,
1277288,Papilionidae,Papilioninae,Papilionini,Papilio,Menelaides,demolion,demolion,M,"Moonen, J.J.M.",2016/07/04,
1277289,Papilionidae,Papilioninae,Papilionini,Papilio,Menelaides,memnon,memnon,M,"Moonen, J.J.M.",2016/07/04,
1277290,Papilionidae,Papilioninae,Papilionini,Papilio,Achillides,paris,gedeensis,M,"Moonen, J.J.M.",2016/07/04,
1277291,Papilionidae,Papilioninae,Papilionini,Papilio,Menelaides,demolion,demolion,M,"Moonen, J.J.M.",2016/07/04,
1277292,Papilionidae,Papilioninae,Papilionini,Papilio,Menelaides,memnon,memnon,M,"Moonen, J.J.M.",2016/07/04,
1277293,Papilionidae,Papilioninae,Papilionini,Papilio,Menelaides,memnon,memnon,M,"Moonen, J.J.M.",2016/07/04,
1277294,Papilionidae,Papilioninae,Troidini,Atrophaneura,Losaria,coon,coon,M,"Moonen, J.J.M.",2016/07/04,
1277295,Papilionidae,Papilioninae,Papilionini,Papilio,Menelaides,demolion,demolion,M,"Moonen, J.J.M.",2016/07/04,
1277296,Papilionidae,Papilioninae,Leptocircini,Graphium,Graphium,adonarensis,lycianus,M,"Moonen, J.J.M.",2016/07/04,
1277297,Papilionidae,Papilioninae,Troidini,Atrophaneura,Losaria,coon,coon,M,"Moonen, J.J.M.",2016/07/04,
1277298,Papilionidae,Papilioninae,Leptocircini,Graphium,Graphium,adonarensis,lycianus,M,"Moonen, J.J.M.",2016/07/04,
1277299,Papilionidae,Papilioninae,Papilionini,Papilio,Menelaides,helenus ,enganius,M,"Moonen, J.J.M.",2016/07/04,
1277300,Papilionidae,Papilioninae,Papilionini,Papilio,Menelaides,demolion,demolion,M,"Moonen, J.J.M.",2016/07/04,
1277301,Papilionidae,Papilioninae,Papilionini,Papilio,Menelaides,demolion,demolion,M,"Moonen, J.J.M.",2016/07/04,
1277302,Papilionidae,Papilioninae,Papilionini,Papilio,Menelaides,demolion,demolion,F,"Moonen, J.J.M.",2016/07/04,
1277303,Papilionidae,Papilioninae,Papilionini,Papilio,Menelaides,helenus ,enganius,M,"Moonen, J.J.M.",2016/07/04,
1277304,Papilionidae,Papilioninae,Papilionini,Papilio,Menelaides,helenus ,enganius,M,"Moonen, J.J.M.",2016/07/04,
1277305,Papilionidae,Papilioninae,Papilionini,Papilio,Menelaides,demolion,demolion,F,"Moonen, J.J.M.",2016/07/04,
1277306,Papilionidae,Papilioninae,Papilionini,Papilio,Menelaides,helenus ,enganius,M,"Moonen, J.J.M.",2016/07/04,
1277307,Papilionidae,Papilioninae,Papilionini,Papilio,Menelaides,demolion,demolion,F,"Moonen, J.J.M.",2016/07/04,
1277308,Papilionidae,Papilioninae,Papilionini,Papilio,Menelaides,helenus ,enganius,M,"Moonen, J.J.M.",2016/07/04,
1277309,Papilionidae,Papilioninae,Papilionini,Papilio,Achillides,paris,gedeensis,M,"Moonen, J.J.M.",2016/07/04,
1277310,Papilionidae,Papilioninae,Leptocircini,Graphium,Graphium,adonarensis,lycianus,M,"Moonen, J.J.M.",2016/07/04,
1277311,Papilionidae,Papilioninae,Leptocircini,Graphium,Graphium,adonarensis,lycianus,M,"Moonen, J.J.M.",2016/07/04,
1277312,Papilionidae,Papilioninae,Papilionini,Papilio,Menelaides,memnon,memnon,M,"Moonen, J.J.M.",2016/07/04,
1277313,Papilionidae,Papilioninae,Leptocircini,Graphium,Graphium,adonarensis,lycianus,M,"Moonen, J.J.M.",2016/07/04,
1277314,Papilionidae,Papilioninae,Papilionini,Papilio,Menelaides,helenus ,enganius,M,"Moonen, J.J.M.",2016/07/04,
1277315,Papilionidae,Papilioninae,Papilionini,Papilio,Menelaides,helenus ,enganius,M,"Moonen, J.J.M.",2016/07/04,
1277316,Papilionidae,Papilioninae,Leptocircini,Graphium,Graphium,evemon,evemon,M,"Moonen, J.J.M.",2016/07/04,
1277317,Papilionidae,Papilioninae,Papilionini,Papilio,Menelaides,polytes,javanus,M,"Moonen, J.J.M.",2016/07/04,
1277318,Papilionidae,Papilioninae,Papilionini,Papilio,Menelaides,demolion,demolion,M,"Moonen, J.J.M.",2016/07/04,
1277319,Papilionidae,Papilioninae,Papilionini,Papilio,Menelaides,helenus ,enganius,M,"Moonen, J.J.M.",2016/07/04,
1277320,Papilionidae,Papilioninae,Papilionini,Papilio,Menelaides,polytes,javanus,M,"Moonen, J.J.M.",2016/07/04,
1277321,Papilionidae,Papilioninae,Leptocircini,Graphium,Graphium,adonarensis,lycianus,M,"Moonen, J.J.M.",2016/07/04,
1277322,Papilionidae,Papilioninae,Papilionini,Papilio,Menelaides,memnon,memnon,M,"Moonen, J.J.M.",2016/07/04,
1277323,Papilionidae,Papilioninae,Leptocircini,Graphium,Graphium,evemon,evemon,M,"Moonen, J.J.M.",2016/07/04,
1277324,Papilionidae,Papilioninae,Leptocircini,Graphium,Graphium,adonarensis,lycianus,M,"Moonen, J.J.M.",2016/07/04,
1277325,Papilionidae,Papilioninae,Leptocircini,Graphium,Graphium,adonarensis,lycianus,M,"Moonen, J.J.M.",2016/07/04,
1277326,Papilionidae,Papilioninae,Leptocircini,Graphium,Graphium,adonarensis,lycianus,M,"Moonen, J.J.M.",2016/07/04,
1277327,Papilionidae,Papilioninae,Leptocircini,Graphium,Graphium,evemon,evemon,M,"Moonen, J.J.M.",2016/07/04,
1277328,Papilionidae,Papilioninae,Leptocircini,Graphium,Graphium,adonarensis,lycianus,M,"Moonen, J.J.M.",2016/07/04,
1277329,Papilionidae,Papilioninae,Papilionini,Papilio,Menelaides,demolion,demolion,M,"Moonen, J.J.M.",2016/07/04,
1277330,Papilionidae,Papilioninae,Papilionini,Papilio,Menelaides,memnon,memnon,M,"Moonen, J.J.M.",2016/07/04,
1277331,Papilionidae,Papilioninae,Papilionini,Papilio,Achillides,paris,gedeensis,M,"Moonen, J.J.M.",2016/07/04,
1277332,Papilionidae,Papilioninae,Papilionini,Papilio,Menelaides,helenus ,enganius,M,"Moonen, J.J.M.",2016/07/04,
1277333,Papilionidae,Papilioninae,Papilionini,Papilio,Menelaides,demolion,demolion,F,"Moonen, J.J.M.",2016/07/04,
1277334,Papilionidae,Papilioninae,Papilionini,Papilio,Menelaides,memnon,memnon,M,"Moonen, J.J.M.",2016/07/04,
1277335,Papilionidae,Papilioninae,Troidini,Atrophaneura,Losaria,coon,coon,M,"Moonen, J.J.M.",2016/07/04,
1277336,Papilionidae,Papilioninae,Papilionini,Papilio,Achillides,paris,gedeensis,M,"Moonen, J.J.M.",2016/07/04,
1277337,Papilionidae,Papilioninae,Papilionini,Papilio,Menelaides,helenus ,enganius,M,"Moonen, J.J.M.",2016/07/04,
1277338,Papilionidae,Papilioninae,Papilionini,Papilio,Achillides,paris,gedeensis,M,"Moonen, J.J.M.",2016/07/04,
1277339,Papilionidae,Papilioninae,Papilionini,Papilio,Menelaides,memnon,memnon,F,"Moonen, J.J.M.",2016/07/04,
1277340,Papilionidae,Papilioninae,Papilionini,Papilio,Achillides,paris,gedeensis,M,"Moonen, J.J.M.",2016/07/04,
1277341,Papilionidae,Papilioninae,Troidini,Atrophaneura,Losaria,coon,coon,M,"Moonen, J.J.M.",2016/07/04,
1277342,Papilionidae,Papilioninae,Papilionini,Papilio,Achillides,paris,gedeensis,M,"Moonen, J.J.M.",2016/07/04,
1277343,Papilionidae,Papilioninae,Papilionini,Papilio,Achillides,paris,gedeensis,M,"Moonen, J.J.M.",2016/07/04,
1277344,Papilionidae,Papilioninae,Papilionini,Papilio,Menelaides,demolion,demolion,F,"Moonen, J.J.M.",2016/07/04,
1277345,Papilionidae,Papilioninae,Troidini,Atrophaneura,Losaria,coon,coon,M,"Moonen, J.J.M.",2016/07/04,
1277346,Papilionidae,Papilioninae,Papilionini,Papilio,Menelaides,helenus ,enganius,M,"Moonen, J.J.M.",2016/07/04,
1277347,Papilionidae,Papilioninae,Troidini,Atrophaneura,Losaria,coon,coon,M,"Moonen, J.J.M.",2016/07/04,
1277348,Papilionidae,Papilioninae,Papilionini,Papilio,Achillides,paris,gedeensis,M,"Moonen, J.J.M.",2016/07/04,
1277349,Papilionidae,Papilioninae,Papilionini,Papilio,Menelaides,helenus ,enganius,M,"Moonen, J.J.M.",2016/07/04,
1277350,Papilionidae,Papilioninae,Leptocircini,Graphium,Graphium,adonarensis,lycianus,M,"Moonen, J.J.M.",2016/07/04,
1277351,Papilionidae,Papilioninae,Leptocircini,Graphium,Graphium,evemon,evemon,M,"Moonen, J.J.M.",2016/07/04,
1277352,Papilionidae,Papilioninae,Leptocircini,Graphium,Graphium,adonarensis,lycianus,M,"Moonen, J.J.M.",2016/07/04,
1277353,Papilionidae,Papilioninae,Papilionini,Papilio,Menelaides,memnon,memnon,M,"Moonen, J.J.M.",2016/07/04,
1277354,Papilionidae,Papilioninae,Papilionini,Papilio,Menelaides,memnon,memnon,F,"Moonen, J.J.M.",2016/07/04,
1277355,Papilionidae,Papilioninae,Leptocircini,Graphium,Graphium,agamemnon,agamemnon,M,"Moonen, J.J.M.",2016/07/04,
1277356,Papilionidae,Papilioninae,Papilionini,Papilio,Menelaides,demolion,demolion,M,"Moonen, J.J.M.",2016/07/04,
1277357,Papilionidae,Papilioninae,Leptocircini,Graphium,Graphium,agamemnon,agamemnon,F,"Moonen, J.J.M.",2016/07/04,
1277358,Papilionidae,Papilioninae,Papilionini,Papilio,Menelaides,memnon,memnon,M,"Moonen, J.J.M.",2016/07/04,
1277359,Papilionidae,Papilioninae,Leptocircini,Graphium,Graphium,adonarensis,lycianus,M,"Moonen, J.J.M.",2016/07/04,
1277360,Papilionidae,Papilioninae,Leptocircini,Graphium,Graphium,adonarensis,lycianus,M,"Moonen, J.J.M.",2016/07/04,
1277361,Papilionidae,Papilioninae,Leptocircini,Graphium,Graphium,adonarensis,lycianus,M,"Moonen, J.J.M.",2016/07/04,
1277362,Papilionidae,Papilioninae,Leptocircini,Graphium,Graphium,adonarensis,lycianus,M,"Moonen, J.J.M.",2016/07/04,
1277363,Papilionidae,Papilioninae,Papilionini,Papilio,Menelaides,helenus ,enganius,M,"Moonen, J.J.M.",2016/07/04,
1277364,Papilionidae,Papilioninae,Leptocircini,Graphium,Graphium,adonarensis,lycianus,M,"Moonen, J.J.M.",2016/07/04,
1277365,Papilionidae,Papilioninae,Leptocircini,Graphium,Graphium,adonarensis,lycianus,M,"Moonen, J.J.M.",2016/07/04,
1277366,Papilionidae,Papilioninae,Leptocircini,Graphium,Graphium,adonarensis,lycianus,M,"Moonen, J.J.M.",2016/07/04,
1277367,Papilionidae,Papilioninae,Leptocircini,Graphium,Graphium,adonarensis,lycianus,M,"Moonen, J.J.M.",2016/07/04,
1277368,Papilionidae,Papilioninae,Leptocircini,Graphium,Graphium,adonarensis,lycianus,M,"Moonen, J.J.M.",2016/07/04,
1277369,Papilionidae,Papilioninae,Papilionini,Papilio,Menelaides,helenus ,enganius,M,"Moonen, J.J.M.",2016/07/04,
1277370,Papilionidae,Papilioninae,Leptocircini,Graphium,Graphium,adonarensis,lycianus,M,"Moonen, J.J.M.",2016/07/04,
1277371,Papilionidae,Papilioninae,Papilionini,Papilio,Menelaides,memnon,memnon,M,"Moonen, J.J.M.",2016/07/04,
1277372,Papilionidae,Papilioninae,Leptocircini,Graphium,Graphium,adonarensis,lycianus,M,"Moonen, J.J.M.",2016/07/04,
1277373,Papilionidae,Papilioninae,Leptocircini,Graphium,Graphium,adonarensis,lycianus,M,"Moonen, J.J.M.",2016/07/04,
1277374,Papilionidae,Papilioninae,Leptocircini,Graphium,Graphium,adonarensis,lycianus,M,"Moonen, J.J.M.",2016/07/04,
1277375,Papilionidae,Papilioninae,Leptocircini,Graphium,Graphium,adonarensis,lycianus,M,"Moonen, J.J.M.",2016/07/04,
1277376,Papilionidae,Papilioninae,Leptocircini,Graphium,Graphium,adonarensis,lycianus,M,"Moonen, J.J.M.",2016/07/04,
1277377,Papilionidae,Papilioninae,Leptocircini,Graphium,Graphium,adonarensis,lycianus,M,"Moonen, J.J.M.",2016/07/04,
1277378,Papilionidae,Papilioninae,Leptocircini,Graphium,Graphium,doson,vulso,M,"Moonen, J.J.M.",2016/07/04,
1277379,Papilionidae,Papilioninae,Leptocircini,Graphium,Graphium,adonarensis,lycianus,M,"Moonen, J.J.M.",2016/07/04,
1277380,Papilionidae,Papilioninae,Leptocircini,Graphium,Graphium,eurypylus,daton,M,"Moonen, J.J.M.",2016/07/04,
1277381,Papilionidae,Papilioninae,Leptocircini,Graphium,Graphium,adonarensis,lycianus,M,"Moonen, J.J.M.",2016/07/04,
1277382,Papilionidae,Papilioninae,Leptocircini,Graphium,Graphium,adonarensis,lycianus,M,"Moonen, J.J.M.",2016/07/04,
1277383,Papilionidae,Papilioninae,Leptocircini,Graphium,Graphium,adonarensis,lycianus,M,"Moonen, J.J.M.",2016/07/04,
1277384,Papilionidae,Papilioninae,Leptocircini,Graphium,Graphium,adonarensis,lycianus,M,"Moonen, J.J.M.",2016/07/04,
1277385,Papilionidae,Papilioninae,Leptocircini,Graphium,Graphium,adonarensis,lycianus,M,"Moonen, J.J.M.",2016/07/04,
1277386,Papilionidae,Papilioninae,Leptocircini,Graphium,Graphium,adonarensis,lycianus,M,"Moonen, J.J.M.",2016/07/04,
1277387,Papilionidae,Papilioninae,Papilionini,Papilio,Menelaides,demolion,demolion,M,"Moonen, J.J.M.",2016/07/04,
1277388,Papilionidae,Papilioninae,Leptocircini,Graphium,Graphium,adonarensis,lycianus,M,"Moonen, J.J.M.",2016/07/04,
1277389,Papilionidae,Papilioninae,Papilionini,Papilio,Menelaides,memnon,memnon,M,"Moonen, J.J.M.",2016/07/04,
1277390,Papilionidae,Papilioninae,Papilionini,Papilio,Menelaides,polytes,javanus,M,"Moonen, J.J.M.",2016/07/04,
1277391,Papilionidae,Papilioninae,Papilionini,Papilio,Menelaides,memnon,memnon,M,"Moonen, J.J.M.",2016/07/04,
1277392,Papilionidae,Papilioninae,Papilionini,Papilio,Menelaides,nephelus,nephelus,F,"Moonen, J.J.M.",2016/07/04,
1277393,Papilionidae,Papilioninae,Papilionini,Papilio,Menelaides,memnon,memnon,M,"Moonen, J.J.M.",2016/07/04,
1277394,Papilionidae,Papilioninae,Troidini,Atrophaneura,Losaria,coon,coon,M,"Moonen, J.J.M.",2016/07/04,
1277395,Papilionidae,Papilioninae,Papilionini,Papilio,Menelaides,demolion,demolion,M,"Moonen, J.J.M.",2016/07/04,
1277396,Papilionidae,Papilioninae,Papilionini,Papilio,Menelaides,helenus ,enganius,M,"Moonen, J.J.M.",2016/07/04,
1277397,Papilionidae,Papilioninae,Papilionini,Papilio,Menelaides,demolion,demolion,F,"Moonen, J.J.M.",2016/07/04,
1277398,Papilionidae,Papilioninae,Papilionini,Papilio,Menelaides,memnon,memnon,M,"Moonen, J.J.M.",2016/07/04,
1277399,Papilionidae,Papilioninae,Papilionini,Papilio,Menelaides,memnon,memnon,M,"Moonen, J.J.M.",2016/07/04,
1277400,Papilionidae,Papilioninae,Papilionini,Papilio,Menelaides,memnon,memnon,F,"Moonen, J.J.M.",2016/07/04,
